time,inflow_logger.inflow_rate,reservoir_1.inflow,reservoir_1.outflow,reservoir_1.volume,reservoir_1.water_level,valve_1.discharge_coefficient,valve_1.opening,valve_1.outflow,valve_logger.agent_id,valve_logger.control_signal
0.0,2.0,2.0,0.0,2.0,13.11111111111111,0.7,0.0,0.0,valve_pid_control_agent,0.0
1.0,2.0,2.0,0.0,4.0,14.222222222222221,0.7,0.0,0.0,valve_pid_control_agent,0.0
2.0,2.0,2.0,0.0,6.0,15.333333333333332,0.7,0.0,0.0,valve_pid_control_agent,0.0
3.0,2.0,2.0,0.0,8.0,16.444444444444443,0.7,0.0,0.0,valve_pid_control_agent,0.0
4.0,2.0,2.0,0.0,10.0,17.555555555555557,0.7,0.0,0.0,valve_pid_control_agent,0.0
5.0,2.0,2.0,0.0,12.0,18.666666666666664,0.7,0.0,0.0,valve_pid_control_agent,0.0
6.0,2.0,2.0,0.0,14.0,19.77777777777778,0.7,0.0,0.0,valve_pid_control_agent,0.0
7.0,2.0,2.0,0.0,16.0,20.88888888888889,0.7,0.0,0.0,valve_pid_control_agent,0.0
8.0,2.0,2.0,0.0,18.0,22.0,0.7,0.0,0.0,valve_pid_control_agent,0.0
9.0,2.0,2.0,0.0,20.0,23.11111111111111,0.7,0.0,0.0,valve_pid_control_agent,0.0
10.0,2.0,2.0,0.0,22.0,24.22222222222222,0.7,0.0,0.0,valve_pid_control_agent,0.0
11.0,2.0,2.0,0.0,24.0,25.333333333333332,0.7,0.0,0.0,valve_pid_control_agent,0.0
12.0,2.0,2.0,0.0,26.0,26.444444444444443,0.7,0.0,0.0,valve_pid_control_agent,0.0
13.0,2.0,2.0,0.0,28.0,27.555555555555557,0.7,0.0,0.0,valve_pid_control_agent,0.0
14.0,2.0,2.0,0.0,30.0,28.666666666666668,0.7,0.0,0.0,valve_pid_control_agent,0.0
15.0,2.0,2.0,0.0,32.0,29.77777777777778,0.7,0.0,0.0,valve_pid_control_agent,0.0
16.0,2.0,2.0,0.0,34.0,30.88888888888889,0.7,0.0,0.0,valve_pid_control_agent,0.0
17.0,2.0,2.0,0.0,36.0,32.0,0.7,0.0,0.0,valve_pid_control_agent,0.0
18.0,2.0,2.0,0.0,38.0,33.111111111111114,0.7,0.0,0.0,valve_pid_control_agent,0.0
19.0,2.0,2.0,0.0,40.0,34.22222222222222,0.7,0.0,0.0,valve_pid_control_agent,0.0
20.0,2.0,2.0,0.0,42.0,35.33333333333333,0.7,0.0,0.0,valve_pid_control_agent,0.0
21.0,2.0,2.0,0.0,44.0,36.44444444444444,0.7,0.0,0.0,valve_pid_control_agent,0.0
22.0,2.0,2.0,0.0,46.0,37.55555555555556,0.7,0.0,0.0,valve_pid_control_agent,0.0
23.0,2.0,2.0,0.0,48.0,38.666666666666664,0.7,0.0,0.0,valve_pid_control_agent,0.0
24.0,2.0,2.0,0.0,50.0,39.77777777777778,0.7,0.0,0.0,valve_pid_control_agent,0.0
25.0,2.0,2.0,0.0,52.0,40.888888888888886,0.7,0.0,0.0,valve_pid_control_agent,0.0
26.0,2.0,2.0,0.0,54.0,42.0,0.7,0.0,0.0,valve_pid_control_agent,0.0
27.0,2.0,2.0,0.0,56.0,43.111111111111114,0.7,0.0,0.0,valve_pid_control_agent,0.0
28.0,2.0,2.0,0.0,58.0,44.22222222222222,0.7,0.0,0.0,valve_pid_control_agent,0.0
29.0,2.0,2.0,0.0,60.0,45.333333333333336,0.7,0.0,0.0,valve_pid_control_agent,0.0
30.0,2.0,2.0,0.0,62.0,46.44444444444444,0.7,0.0,0.0,valve_pid_control_agent,0.0
31.0,2.0,2.0,0.0,64.0,47.55555555555556,0.7,0.0,0.0,valve_pid_control_agent,0.0
32.0,2.0,2.0,0.0,66.0,48.666666666666664,0.7,0.0,0.0,valve_pid_control_agent,0.0
33.0,2.0,2.0,0.0,68.0,49.77777777777778,0.7,0.0,0.0,valve_pid_control_agent,0.0
34.0,2.0,2.0,0.0,70.0,50.888888888888886,0.7,0.0,0.0,valve_pid_control_agent,0.0
35.0,2.0,2.0,0.0,72.0,52.0,0.7,0.0,0.0,valve_pid_control_agent,0.0
36.0,2.0,2.0,0.0,74.0,53.11111111111111,0.7,0.0,0.0,valve_pid_control_agent,0.0
37.0,2.0,2.0,0.0,76.0,54.22222222222222,0.7,0.0,0.0,valve_pid_control_agent,0.0
38.0,2.0,2.0,0.0,78.0,55.333333333333336,0.7,0.0,0.0,valve_pid_control_agent,0.0
39.0,2.0,2.0,0.0,80.0,56.44444444444444,0.7,0.0,0.0,valve_pid_control_agent,0.0
40.0,2.0,2.0,0.0,82.0,57.55555555555556,0.7,0.0,0.0,valve_pid_control_agent,0.0
41.0,2.0,2.0,0.0,84.0,58.666666666666664,0.7,0.0,0.0,valve_pid_control_agent,0.0
42.0,2.0,2.0,0.0,86.0,59.77777777777778,0.7,0.0,0.0,valve_pid_control_agent,0.0
43.0,2.0,2.0,0.0,88.0,60.888888888888886,0.7,0.0,0.0,valve_pid_control_agent,0.0
44.0,2.0,2.0,0.0,90.0,62.0,0.7,0.0,0.0,valve_pid_control_agent,0.0
45.0,2.0,2.0,0.0,92.0,63.11111111111111,0.7,0.0,0.0,valve_pid_control_agent,0.0
46.0,2.0,2.0,0.0,94.0,64.22222222222223,0.7,0.0,0.0,valve_pid_control_agent,0.0
47.0,2.0,2.0,0.0,96.0,65.33333333333333,0.7,0.0,0.0,valve_pid_control_agent,0.0
48.0,2.0,2.0,0.0,98.0,66.44444444444444,0.7,0.0,0.0,valve_pid_control_agent,0.0
49.0,2.0,2.0,0.0,100.0,67.55555555555556,0.7,0.0,0.0,valve_pid_control_agent,0.0
50.0,2.0,2.0,0.0,102.0,68.66666666666666,0.7,0.0,0.0,valve_pid_control_agent,0.0
51.0,2.0,2.0,0.0,104.0,69.77777777777777,0.7,0.0,0.0,valve_pid_control_agent,0.0
52.0,2.0,2.0,0.0,106.0,70.88888888888889,0.7,0.0,0.0,valve_pid_control_agent,0.0
53.0,2.0,2.0,0.0,108.0,72.0,0.7,0.0,0.0,valve_pid_control_agent,0.0
54.0,2.0,2.0,0.0,110.0,73.11111111111111,0.7,0.0,0.0,valve_pid_control_agent,0.0
55.0,2.0,2.0,0.0,112.0,74.22222222222223,0.7,0.0,0.0,valve_pid_control_agent,0.0
56.0,2.0,2.0,0.0,114.0,75.33333333333333,0.7,0.0,0.0,valve_pid_control_agent,0.0
57.0,2.0,2.0,0.0,116.0,76.44444444444444,0.7,0.0,0.0,valve_pid_control_agent,0.0
58.0,2.0,2.0,0.0,118.0,77.55555555555556,0.7,0.0,0.0,valve_pid_control_agent,0.0
59.0,2.0,2.0,0.0,120.0,78.66666666666667,0.7,0.0,0.0,valve_pid_control_agent,0.0
60.0,3.5,3.5,0.0,123.5,80.61111111111111,0.7,0.0,0.0,valve_pid_control_agent,0.0
61.0,3.5,3.5,0.0,127.0,82.55555555555556,0.7,0.0,0.0,valve_pid_control_agent,0.0
62.0,3.5,3.5,0.0,130.5,84.5,0.7,0.0,0.0,valve_pid_control_agent,0.0
63.0,3.5,3.5,0.0,134.0,86.44444444444444,0.7,0.0,0.0,valve_pid_control_agent,0.0
64.0,3.5,3.5,0.0,137.5,88.38888888888889,0.7,0.0,0.0,valve_pid_control_agent,0.0
65.0,3.5,3.5,0.0,141.0,90.33333333333333,0.7,0.0,0.0,valve_pid_control_agent,0.0
66.0,3.5,3.5,0.0,144.5,92.27777777777777,0.7,0.0,0.0,valve_pid_control_agent,0.0
67.0,3.5,3.5,0.0,148.0,94.22222222222221,0.7,0.0,0.0,valve_pid_control_agent,0.0
68.0,3.5,3.5,0.0,151.5,96.16666666666667,0.7,0.0,0.0,valve_pid_control_agent,0.0
69.0,3.5,3.5,0.0,155.0,98.11111111111111,0.7,0.0,0.0,valve_pid_control_agent,0.0
70.0,3.5,3.5,0.0,158.5,100.05555555555556,0.7,0.0,0.0,valve_pid_control_agent,0.0
71.0,3.5,3.5,0.0,162.0,102.0,0.7,0.0,0.0,valve_pid_control_agent,0.0
72.0,3.5,3.5,0.0,165.5,103.94444444444444,0.7,0.0,0.0,valve_pid_control_agent,0.0
73.0,3.5,3.5,0.0,169.0,105.88888888888889,0.7,0.0,0.0,valve_pid_control_agent,0.0
74.0,3.5,3.5,0.0,172.5,107.83333333333333,0.7,0.0,0.0,valve_pid_control_agent,0.0
75.0,3.5,3.5,0.0,176.0,109.77777777777777,0.7,0.0,0.0,valve_pid_control_agent,0.0
76.0,3.5,3.5,0.0,179.5,111.72222222222221,0.7,0.0,0.0,valve_pid_control_agent,0.0
77.0,3.5,3.5,0.0,183.0,113.66666666666666,0.7,0.0,0.0,valve_pid_control_agent,0.0
78.0,3.5,3.5,0.0,186.5,115.61111111111111,0.7,0.0,0.0,valve_pid_control_agent,0.0
79.0,3.5,3.5,0.0,190.0,117.55555555555556,0.7,0.0,0.0,valve_pid_control_agent,0.0
80.0,3.5,3.5,0.0,193.5,119.5,0.7,0.0,0.0,valve_pid_control_agent,0.0
81.0,3.5,3.5,0.0,197.0,121.44444444444444,0.7,0.0,0.0,valve_pid_control_agent,0.0
82.0,3.5,3.5,0.0,200.5,123.38888888888889,0.7,0.0,0.0,valve_pid_control_agent,0.0
83.0,3.5,3.5,0.0,204.0,125.33333333333333,0.7,0.0,0.0,valve_pid_control_agent,0.0
84.0,3.5,3.5,0.0,207.5,127.27777777777777,0.7,0.0,0.0,valve_pid_control_agent,0.0
85.0,3.5,3.5,0.0,211.0,129.22222222222223,0.7,0.0,0.0,valve_pid_control_agent,0.0
86.0,3.5,3.5,0.0,214.5,131.16666666666666,0.7,0.0,0.0,valve_pid_control_agent,0.0
87.0,3.5,3.5,0.0,218.0,133.11111111111111,0.7,0.0,0.0,valve_pid_control_agent,0.0
88.0,3.5,3.5,0.0,221.5,135.05555555555554,0.7,0.0,0.0,valve_pid_control_agent,0.0
89.0,3.5,3.5,0.0,225.0,137.0,0.7,0.0,0.0,valve_pid_control_agent,0.0
90.0,3.5,3.5,0.0,228.5,138.94444444444446,0.7,0.0,0.0,valve_pid_control_agent,0.0
91.0,3.5,3.5,0.0,232.0,140.88888888888889,0.7,0.0,0.0,valve_pid_control_agent,0.0
92.0,3.5,3.5,0.0,235.5,142.83333333333334,0.7,0.0,0.0,valve_pid_control_agent,0.0
93.0,3.5,3.5,0.0,239.0,144.77777777777777,0.7,0.0,0.0,valve_pid_control_agent,0.0
94.0,3.5,3.5,0.0,242.5,146.72222222222223,0.7,0.0,0.0,valve_pid_control_agent,0.0
95.0,3.5,3.5,0.0,246.0,148.66666666666666,0.7,0.0,0.0,valve_pid_control_agent,0.0
96.0,3.5,3.5,0.0,249.5,150.61111111111111,0.7,0.0,0.0,valve_pid_control_agent,0.0
97.0,3.5,3.5,0.0,253.0,152.55555555555554,0.7,0.0,0.0,valve_pid_control_agent,0.0
98.0,3.5,3.5,0.0,256.5,154.5,0.7,0.0,0.0,valve_pid_control_agent,0.0
99.0,3.5,3.5,0.0,260.0,156.44444444444443,0.7,0.0,0.0,valve_pid_control_agent,0.0
100.0,3.5,3.5,0.0,263.5,158.38888888888889,0.7,0.0,0.0,valve_pid_control_agent,0.0
101.0,3.5,3.5,0.0,267.0,160.33333333333334,0.7,0.0,0.0,valve_pid_control_agent,0.0
102.0,3.5,3.5,0.0,270.5,162.27777777777777,0.7,0.0,0.0,valve_pid_control_agent,0.0
103.0,3.5,3.5,0.0,274.0,164.22222222222223,0.7,0.0,0.0,valve_pid_control_agent,0.0
104.0,3.5,3.5,0.0,277.5,166.16666666666666,0.7,0.0,0.0,valve_pid_control_agent,0.0
105.0,3.5,3.5,0.0,281.0,168.11111111111111,0.7,0.0,0.0,valve_pid_control_agent,0.0
106.0,3.5,3.5,0.0,284.5,170.05555555555554,0.7,0.0,0.0,valve_pid_control_agent,0.0
107.0,3.5,3.5,0.0,288.0,172.0,0.7,0.0,0.0,valve_pid_control_agent,0.0
108.0,3.5,3.5,0.0,291.5,173.94444444444443,0.7,0.0,0.0,valve_pid_control_agent,0.0
109.0,3.5,3.5,0.0,295.0,175.88888888888889,0.7,0.0,0.0,valve_pid_control_agent,0.0
110.0,3.5,3.5,0.0,298.5,177.83333333333334,0.7,0.0,0.0,valve_pid_control_agent,0.0
111.0,3.5,3.5,0.0,302.0,179.77777777777777,0.7,0.0,0.0,valve_pid_control_agent,0.0
112.0,3.5,3.5,0.0,305.5,181.72222222222223,0.7,0.0,0.0,valve_pid_control_agent,0.0
113.0,3.5,3.5,0.0,309.0,183.66666666666666,0.7,0.0,0.0,valve_pid_control_agent,0.0
114.0,3.5,3.5,0.0,312.5,185.61111111111111,0.7,0.0,0.0,valve_pid_control_agent,0.0
115.0,3.5,3.5,0.0,316.0,187.55555555555554,0.7,0.0,0.0,valve_pid_control_agent,0.0
116.0,3.5,3.5,0.0,319.5,189.5,0.7,0.0,0.0,valve_pid_control_agent,0.0
117.0,3.5,3.5,0.0,323.0,191.44444444444443,0.7,0.0,0.0,valve_pid_control_agent,0.0
118.0,3.5,3.5,0.0,326.5,193.38888888888889,0.7,0.0,0.0,valve_pid_control_agent,0.0
119.0,3.5,3.5,0.0,330.0,195.33333333333334,0.7,0.0,0.0,valve_pid_control_agent,0.0
120.0,3.5,3.5,0.0,333.5,197.27777777777777,0.7,0.0,0.0,valve_pid_control_agent,0.0
121.0,3.5,3.5,0.0,337.0,199.22222222222223,0.7,0.0,0.0,valve_pid_control_agent,0.0
122.0,3.5,3.5,0.0,340.5,201.16666666666666,0.7,0.0,0.0,valve_pid_control_agent,0.0
123.0,3.5,3.5,0.0,344.0,203.11111111111111,0.7,0.0,0.0,valve_pid_control_agent,0.0
124.0,3.5,3.5,0.0,347.5,205.05555555555554,0.7,0.0,0.0,valve_pid_control_agent,0.0
125.0,3.5,3.5,0.0,351.0,207.0,0.7,0.0,0.0,valve_pid_control_agent,0.0
126.0,3.5,3.5,0.0,354.5,208.94444444444443,0.7,0.0,0.0,valve_pid_control_agent,0.0
127.0,3.5,3.5,0.0,358.0,210.88888888888889,0.7,0.0,0.0,valve_pid_control_agent,0.0
128.0,3.5,3.5,0.0,361.5,212.83333333333331,0.7,0.0,0.0,valve_pid_control_agent,0.0
129.0,3.5,3.5,0.0,365.0,214.77777777777777,0.7,0.0,0.0,valve_pid_control_agent,0.0
130.0,3.5,3.5,0.0,368.5,216.72222222222223,0.7,0.0,0.0,valve_pid_control_agent,0.0
131.0,3.5,3.5,0.0,372.0,218.66666666666666,0.7,0.0,0.0,valve_pid_control_agent,0.0
132.0,3.5,3.5,0.0,375.5,220.61111111111111,0.7,0.0,0.0,valve_pid_control_agent,0.0
133.0,3.5,3.5,0.0,379.0,222.55555555555554,0.7,0.0,0.0,valve_pid_control_agent,0.0
134.0,3.5,3.5,0.0,382.5,224.5,0.7,0.0,0.0,valve_pid_control_agent,0.0
135.0,3.5,3.5,0.0,386.0,226.44444444444443,0.7,0.0,0.0,valve_pid_control_agent,0.0
136.0,3.5,3.5,0.0,389.5,228.38888888888889,0.7,0.0,0.0,valve_pid_control_agent,0.0
137.0,3.5,3.5,0.0,393.0,230.33333333333331,0.7,0.0,0.0,valve_pid_control_agent,0.0
138.0,3.5,3.5,0.0,396.5,232.27777777777777,0.7,0.0,0.0,valve_pid_control_agent,0.0
139.0,3.5,3.5,0.0,400.0,234.22222222222223,0.7,0.0,0.0,valve_pid_control_agent,0.0
140.0,3.5,3.5,0.0,403.5,236.16666666666666,0.7,0.0,0.0,valve_pid_control_agent,0.0
141.0,3.5,3.5,0.0,407.0,238.11111111111111,0.7,0.0,0.0,valve_pid_control_agent,0.0
142.0,3.5,3.5,0.0,410.5,240.05555555555554,0.7,0.0,0.0,valve_pid_control_agent,0.0
143.0,3.5,3.5,0.0,414.0,242.0,0.7,0.0,0.0,valve_pid_control_agent,0.0
144.0,3.5,3.5,0.0,417.5,243.94444444444443,0.7,0.0,0.0,valve_pid_control_agent,0.0
145.0,3.5,3.5,0.0,421.0,245.88888888888889,0.7,0.0,0.0,valve_pid_control_agent,0.0
146.0,3.5,3.5,0.0,424.5,247.83333333333331,0.7,0.0,0.0,valve_pid_control_agent,0.0
147.0,3.5,3.5,0.0,428.0,249.77777777777777,0.7,0.0,0.0,valve_pid_control_agent,0.0
148.0,3.5,3.5,0.0,431.5,251.72222222222223,0.7,0.0,0.0,valve_pid_control_agent,0.0
149.0,3.5,3.5,0.0,435.0,253.66666666666666,0.7,0.0,0.0,valve_pid_control_agent,0.0
150.0,1.5,1.5,0.0,436.5,254.5,0.7,0.0,0.0,valve_pid_control_agent,0.0
151.0,1.5,1.5,0.0,438.0,255.33333333333331,0.7,0.0,0.0,valve_pid_control_agent,0.0
152.0,1.5,1.5,0.0,439.5,256.16666666666663,0.7,0.0,0.0,valve_pid_control_agent,0.0
153.0,1.5,1.5,0.0,441.0,257.0,0.7,0.0,0.0,valve_pid_control_agent,0.0
154.0,1.5,1.5,0.0,442.5,257.8333333333333,0.7,0.0,0.0,valve_pid_control_agent,0.0
155.0,1.5,1.5,0.0,444.0,258.66666666666663,0.7,0.0,0.0,valve_pid_control_agent,0.0
156.0,1.5,1.5,0.0,445.5,259.5,0.7,0.0,0.0,valve_pid_control_agent,0.0
157.0,1.5,1.5,0.0,447.0,260.3333333333333,0.7,0.0,0.0,valve_pid_control_agent,0.0
158.0,1.5,1.5,0.0,448.5,261.16666666666663,0.7,0.0,0.0,valve_pid_control_agent,0.0
159.0,1.5,1.5,0.0,450.0,262.0,0.7,0.0,0.0,valve_pid_control_agent,0.0
160.0,1.5,1.5,0.0,451.5,262.8333333333333,0.7,0.0,0.0,valve_pid_control_agent,0.0
161.0,1.5,1.5,0.0,453.0,263.66666666666663,0.7,0.0,0.0,valve_pid_control_agent,0.0
162.0,1.5,1.5,0.0,454.5,264.5,0.7,0.0,0.0,valve_pid_control_agent,0.0
163.0,1.5,1.5,0.0,456.0,265.3333333333333,0.7,0.0,0.0,valve_pid_control_agent,0.0
164.0,1.5,1.5,0.0,457.5,266.16666666666663,0.7,0.0,0.0,valve_pid_control_agent,0.0
165.0,1.5,1.5,0.0,459.0,267.0,0.7,0.0,0.0,valve_pid_control_agent,0.0
166.0,1.5,1.5,0.0,460.5,267.8333333333333,0.7,0.0,0.0,valve_pid_control_agent,0.0
167.0,1.5,1.5,0.0,462.0,268.6666666666667,0.7,0.0,0.0,valve_pid_control_agent,0.0
168.0,1.5,1.5,0.0,463.5,269.5,0.7,0.0,0.0,valve_pid_control_agent,0.0
169.0,1.5,1.5,0.0,465.0,270.3333333333333,0.7,0.0,0.0,valve_pid_control_agent,0.0
170.0,1.5,1.5,0.0,466.5,271.1666666666667,0.7,0.0,0.0,valve_pid_control_agent,0.0
171.0,1.5,1.5,0.0,468.0,272.0,0.7,0.0,0.0,valve_pid_control_agent,0.0
172.0,1.5,1.5,0.0,469.5,272.8333333333333,0.7,0.0,0.0,valve_pid_control_agent,0.0
173.0,1.5,1.5,0.0,471.0,273.6666666666667,0.7,0.0,0.0,valve_pid_control_agent,0.0
174.0,1.5,1.5,0.0,472.5,274.5,0.7,0.0,0.0,valve_pid_control_agent,0.0
175.0,1.5,1.5,0.0,474.0,275.3333333333333,0.7,0.0,0.0,valve_pid_control_agent,0.0
176.0,1.5,1.5,0.0,475.5,276.1666666666667,0.7,0.0,0.0,valve_pid_control_agent,0.0
177.0,1.5,1.5,0.0,477.0,277.0,0.7,0.0,0.0,valve_pid_control_agent,0.0
178.0,1.5,1.5,0.0,478.5,277.8333333333333,0.7,0.0,0.0,valve_pid_control_agent,0.0
179.0,1.5,1.5,0.0,480.0,278.6666666666667,0.7,0.0,0.0,valve_pid_control_agent,0.0
180.0,1.5,1.5,0.0,481.5,279.5,0.7,0.0,0.0,valve_pid_control_agent,0.0
181.0,1.5,1.5,0.0,483.0,280.3333333333333,0.7,0.0,0.0,valve_pid_control_agent,0.0
182.0,1.5,1.5,0.0,484.5,281.1666666666667,0.7,0.0,0.0,valve_pid_control_agent,0.0
183.0,1.5,1.5,0.0,486.0,282.0,0.7,0.0,0.0,valve_pid_control_agent,0.0
184.0,1.5,1.5,0.0,487.5,282.8333333333333,0.7,0.0,0.0,valve_pid_control_agent,0.0
185.0,1.5,1.5,0.0,489.0,283.6666666666667,0.7,0.0,0.0,valve_pid_control_agent,0.0
186.0,1.5,1.5,0.0,490.5,284.5,0.7,0.0,0.0,valve_pid_control_agent,0.0
187.0,1.5,1.5,0.0,492.0,285.3333333333333,0.7,0.0,0.0,valve_pid_control_agent,0.0
188.0,1.5,1.5,0.0,493.5,286.1666666666667,0.7,0.0,0.0,valve_pid_control_agent,0.0
189.0,1.5,1.5,0.0,495.0,287.0,0.7,0.0,0.0,valve_pid_control_agent,0.0
190.0,1.5,1.5,0.0,496.5,287.8333333333333,0.7,0.0,0.0,valve_pid_control_agent,0.0
191.0,1.5,1.5,0.0,498.0,288.6666666666667,0.7,0.0,0.0,valve_pid_control_agent,0.0
192.0,1.5,1.5,0.0,499.5,289.5,0.7,0.0,0.0,valve_pid_control_agent,0.0
193.0,1.5,1.5,0.0,501.0,290.3333333333333,0.7,0.0,0.0,valve_pid_control_agent,0.0
194.0,1.5,1.5,0.0,502.5,291.1666666666667,0.7,0.0,0.0,valve_pid_control_agent,0.0
195.0,1.5,1.5,0.0,504.0,292.0,0.7,0.0,0.0,valve_pid_control_agent,0.0
196.0,1.5,1.5,0.0,505.5,292.8333333333333,0.7,0.0,0.0,valve_pid_control_agent,0.0
197.0,1.5,1.5,0.0,507.0,293.6666666666667,0.7,0.0,0.0,valve_pid_control_agent,0.0
198.0,1.5,1.5,0.0,508.5,294.5,0.7,0.0,0.0,valve_pid_control_agent,0.0
199.0,1.5,1.5,0.0,510.0,295.3333333333333,0.7,0.0,0.0,valve_pid_control_agent,0.0
200.0,1.5,1.5,0.0,511.5,296.1666666666667,0.7,0.0,0.0,valve_pid_control_agent,0.0
201.0,1.5,1.5,0.0,513.0,297.0,0.7,0.0,0.0,valve_pid_control_agent,0.0
202.0,1.5,1.5,0.0,514.5,297.8333333333333,0.7,0.0,0.0,valve_pid_control_agent,0.0
203.0,1.5,1.5,0.0,516.0,298.6666666666667,0.7,0.0,0.0,valve_pid_control_agent,0.0
204.0,1.5,1.5,0.0,517.5,299.5,0.7,0.0,0.0,valve_pid_control_agent,0.0
205.0,1.5,1.5,0.0,519.0,300.3333333333333,0.7,0.0,0.0,valve_pid_control_agent,0.0
206.0,1.5,1.5,0.0,520.5,301.1666666666667,0.7,0.0,0.0,valve_pid_control_agent,0.0
207.0,1.5,1.5,0.0,522.0,302.0,0.7,0.0,0.0,valve_pid_control_agent,0.0
208.0,1.5,1.5,0.0,523.5,302.8333333333333,0.7,0.0,0.0,valve_pid_control_agent,0.0
209.0,1.5,1.5,0.0,525.0,303.6666666666667,0.7,0.0,0.0,valve_pid_control_agent,0.0
210.0,1.5,1.5,0.0,526.5,304.5,0.7,0.0,0.0,valve_pid_control_agent,0.0
211.0,1.5,1.5,0.0,528.0,305.3333333333333,0.7,0.0,0.0,valve_pid_control_agent,0.0
212.0,1.5,1.5,0.0,529.5,306.1666666666667,0.7,0.0,0.0,valve_pid_control_agent,0.0
213.0,1.5,1.5,0.0,531.0,307.0,0.7,0.0,0.0,valve_pid_control_agent,0.0
214.0,1.5,1.5,0.0,532.5,307.8333333333333,0.7,0.0,0.0,valve_pid_control_agent,0.0
215.0,1.5,1.5,0.0,534.0,308.6666666666667,0.7,0.0,0.0,valve_pid_control_agent,0.0
216.0,1.5,1.5,0.0,535.5,309.5,0.7,0.0,0.0,valve_pid_control_agent,0.0
217.0,1.5,1.5,0.0,537.0,310.3333333333333,0.7,0.0,0.0,valve_pid_control_agent,0.0
218.0,1.5,1.5,0.0,538.5,311.1666666666667,0.7,0.0,0.0,valve_pid_control_agent,0.0
219.0,1.5,1.5,0.0,540.0,312.0,0.7,0.0,0.0,valve_pid_control_agent,0.0
220.0,1.5,1.5,0.0,541.5,312.8333333333333,0.7,0.0,0.0,valve_pid_control_agent,0.0
221.0,1.5,1.5,0.0,543.0,313.6666666666667,0.7,0.0,0.0,valve_pid_control_agent,0.0
222.0,1.5,1.5,0.0,544.5,314.5,0.7,0.0,0.0,valve_pid_control_agent,0.0
223.0,1.5,1.5,0.0,546.0,315.3333333333333,0.7,0.0,0.0,valve_pid_control_agent,0.0
224.0,1.5,1.5,0.0,547.5,316.1666666666667,0.7,0.0,0.0,valve_pid_control_agent,0.0
225.0,1.5,1.5,0.0,549.0,317.0,0.7,0.0,0.0,valve_pid_control_agent,0.0
226.0,1.5,1.5,0.0,550.5,317.8333333333333,0.7,0.0,0.0,valve_pid_control_agent,0.0
227.0,1.5,1.5,0.0,552.0,318.6666666666667,0.7,0.0,0.0,valve_pid_control_agent,0.0
228.0,1.5,1.5,0.0,553.5,319.5,0.7,0.0,0.0,valve_pid_control_agent,0.0
229.0,1.5,1.5,0.0,555.0,320.3333333333333,0.7,0.0,0.0,valve_pid_control_agent,0.0
230.0,2.5,2.5,0.0,557.5,321.72222222222223,0.7,0.0,0.0,valve_pid_control_agent,0.0
231.0,2.5,2.5,0.0,560.0,323.1111111111111,0.7,0.0,0.0,valve_pid_control_agent,0.0
232.0,2.5,2.5,0.0,562.5,324.5,0.7,0.0,0.0,valve_pid_control_agent,0.0
233.0,2.5,2.5,0.0,565.0,325.88888888888886,0.7,0.0,0.0,valve_pid_control_agent,0.0
234.0,2.5,2.5,0.0,567.5,327.27777777777777,0.7,0.0,0.0,valve_pid_control_agent,0.0
235.0,2.5,2.5,0.0,570.0,328.6666666666667,0.7,0.0,0.0,valve_pid_control_agent,0.0
236.0,2.5,2.5,0.0,572.5,330.05555555555554,0.7,0.0,0.0,valve_pid_control_agent,0.0
237.0,2.5,2.5,0.0,575.0,331.44444444444446,0.7,0.0,0.0,valve_pid_control_agent,0.0
238.0,2.5,2.5,0.0,577.5,332.8333333333333,0.7,0.0,0.0,valve_pid_control_agent,0.0
239.0,2.5,2.5,0.0,580.0,334.22222222222223,0.7,0.0,0.0,valve_pid_control_agent,0.0
240.0,2.5,2.5,0.0,582.5,335.6111111111111,0.7,0.0,0.0,valve_pid_control_agent,0.0
241.0,2.5,2.5,0.0,585.0,337.0,0.7,0.0,0.0,valve_pid_control_agent,0.0
242.0,2.5,2.5,0.0,587.5,338.38888888888886,0.7,0.0,0.0,valve_pid_control_agent,0.0
243.0,2.5,2.5,0.0,590.0,339.77777777777777,0.7,0.0,0.0,valve_pid_control_agent,0.0
244.0,2.5,2.5,0.0,592.5,341.1666666666667,0.7,0.0,0.0,valve_pid_control_agent,0.0
245.0,2.5,2.5,0.0,595.0,342.55555555555554,0.7,0.0,0.0,valve_pid_control_agent,0.0
246.0,2.5,2.5,0.0,597.5,343.94444444444446,0.7,0.0,0.0,valve_pid_control_agent,0.0
247.0,2.5,2.5,0.0,600.0,345.3333333333333,0.7,0.0,0.0,valve_pid_control_agent,0.0
248.0,2.5,2.5,0.0,602.5,346.72222222222223,0.7,0.0,0.0,valve_pid_control_agent,0.0
249.0,2.5,2.5,0.0,605.0,348.1111111111111,0.7,0.0,0.0,valve_pid_control_agent,0.0
250.0,2.5,2.5,0.0,607.5,349.5,0.7,0.0,0.0,valve_pid_control_agent,0.0
251.0,2.5,2.5,0.0,610.0,350.88888888888886,0.7,0.0,0.0,valve_pid_control_agent,0.0
252.0,2.5,2.5,0.0,612.5,352.27777777777777,0.7,0.0,0.0,valve_pid_control_agent,0.0
253.0,2.5,2.5,0.0,615.0,353.6666666666667,0.7,0.0,0.0,valve_pid_control_agent,0.0
254.0,2.5,2.5,0.0,617.5,355.05555555555554,0.7,0.0,0.0,valve_pid_control_agent,0.0
255.0,2.5,2.5,0.0,620.0,356.44444444444446,0.7,0.0,0.0,valve_pid_control_agent,0.0
256.0,2.5,2.5,0.0,622.5,357.8333333333333,0.7,0.0,0.0,valve_pid_control_agent,0.0
257.0,2.5,2.5,0.0,625.0,359.22222222222223,0.7,0.0,0.0,valve_pid_control_agent,0.0
258.0,2.5,2.5,0.0,627.5,360.6111111111111,0.7,0.0,0.0,valve_pid_control_agent,0.0
259.0,2.5,2.5,0.0,630.0,362.0,0.7,0.0,0.0,valve_pid_control_agent,0.0
260.0,2.5,2.5,0.0,632.5,363.38888888888886,0.7,0.0,0.0,valve_pid_control_agent,0.0
261.0,2.5,2.5,0.0,635.0,364.77777777777777,0.7,0.0,0.0,valve_pid_control_agent,0.0
262.0,2.5,2.5,0.0,637.5,366.1666666666667,0.7,0.0,0.0,valve_pid_control_agent,0.0
263.0,2.5,2.5,0.0,640.0,367.55555555555554,0.7,0.0,0.0,valve_pid_control_agent,0.0
264.0,2.5,2.5,0.0,642.5,368.94444444444446,0.7,0.0,0.0,valve_pid_control_agent,0.0
265.0,2.5,2.5,0.0,645.0,370.3333333333333,0.7,0.0,0.0,valve_pid_control_agent,0.0
266.0,2.5,2.5,0.0,647.5,371.72222222222223,0.7,0.0,0.0,valve_pid_control_agent,0.0
267.0,2.5,2.5,0.0,650.0,373.1111111111111,0.7,0.0,0.0,valve_pid_control_agent,0.0
268.0,2.5,2.5,0.0,652.5,374.5,0.7,0.0,0.0,valve_pid_control_agent,0.0
269.0,2.5,2.5,0.0,655.0,375.88888888888886,0.7,0.0,0.0,valve_pid_control_agent,0.0
270.0,2.5,2.5,0.0,657.5,377.27777777777777,0.7,0.0,0.0,valve_pid_control_agent,0.0
271.0,2.5,2.5,0.0,660.0,378.6666666666667,0.7,0.0,0.0,valve_pid_control_agent,0.0
272.0,2.5,2.5,0.0,662.5,380.05555555555554,0.7,0.0,0.0,valve_pid_control_agent,0.0
273.0,2.5,2.5,0.0,665.0,381.44444444444446,0.7,0.0,0.0,valve_pid_control_agent,0.0
274.0,2.5,2.5,0.0,667.5,382.8333333333333,0.7,0.0,0.0,valve_pid_control_agent,0.0
275.0,2.5,2.5,0.0,670.0,384.22222222222223,0.7,0.0,0.0,valve_pid_control_agent,0.0
276.0,2.5,2.5,0.0,672.5,385.6111111111111,0.7,0.0,0.0,valve_pid_control_agent,0.0
277.0,2.5,2.5,0.0,675.0,387.0,0.7,0.0,0.0,valve_pid_control_agent,0.0
278.0,2.5,2.5,0.0,677.5,388.38888888888886,0.7,0.0,0.0,valve_pid_control_agent,0.0
279.0,2.5,2.5,0.0,680.0,389.77777777777777,0.7,0.0,0.0,valve_pid_control_agent,0.0
280.0,2.5,2.5,0.0,682.5,391.1666666666667,0.7,0.0,0.0,valve_pid_control_agent,0.0
281.0,2.5,2.5,0.0,685.0,392.55555555555554,0.7,0.0,0.0,valve_pid_control_agent,0.0
282.0,2.5,2.5,0.0,687.5,393.94444444444446,0.7,0.0,0.0,valve_pid_control_agent,0.0
283.0,2.5,2.5,0.0,690.0,395.3333333333333,0.7,0.0,0.0,valve_pid_control_agent,0.0
284.0,2.5,2.5,0.0,692.5,396.72222222222223,0.7,0.0,0.0,valve_pid_control_agent,0.0
285.0,2.5,2.5,0.0,695.0,398.1111111111111,0.7,0.0,0.0,valve_pid_control_agent,0.0
286.0,2.5,2.5,0.0,697.5,399.5,0.7,0.0,0.0,valve_pid_control_agent,0.0
287.0,2.5,2.5,0.0,700.0,400.88888888888886,0.7,0.0,0.0,valve_pid_control_agent,0.0
288.0,2.5,2.5,0.0,702.5,402.27777777777777,0.7,0.0,0.0,valve_pid_control_agent,0.0
289.0,2.5,2.5,0.0,705.0,403.66666666666663,0.7,0.0,0.0,valve_pid_control_agent,0.0
290.0,2.5,2.5,0.0,707.5,405.05555555555554,0.7,0.0,0.0,valve_pid_control_agent,0.0
291.0,2.5,2.5,0.0,710.0,406.44444444444446,0.7,0.0,0.0,valve_pid_control_agent,0.0
292.0,2.5,2.5,0.0,712.5,407.8333333333333,0.7,0.0,0.0,valve_pid_control_agent,0.0
293.0,2.5,2.5,0.0,715.0,409.22222222222223,0.7,0.0,0.0,valve_pid_control_agent,0.0
294.0,2.5,2.5,0.0,717.5,410.6111111111111,0.7,0.0,0.0,valve_pid_control_agent,0.0
295.0,2.5,2.5,0.0,720.0,412.0,0.7,0.0,0.0,valve_pid_control_agent,0.0
296.0,2.5,2.5,0.0,722.5,413.38888888888886,0.7,0.0,0.0,valve_pid_control_agent,0.0
297.0,2.5,2.5,0.0,725.0,414.77777777777777,0.7,0.0,0.0,valve_pid_control_agent,0.0
298.0,2.5,2.5,0.0,727.5,416.16666666666663,0.7,0.0,0.0,valve_pid_control_agent,0.0
299.0,2.5,2.5,0.0,730.0,417.55555555555554,0.7,0.0,0.0,valve_pid_control_agent,0.0
