time,upstream_reservoir_water_level,upstream_reservoir_outflow,upstream_reservoir_volume,upstream_reservoir_inflow,gate_1_opening,gate_1_outflow,canal_1_water_level,canal_1_outflow,canal_2_water_level,canal_2_outflow,gate_2_opening,gate_2_outflow,canal_3_water_level,canal_3_outflow
0,10.0,19.809088823063014,0,0.0,0.5,19.809088823063014,5.19809088823063,19.809088823063014,4.69809088823063,19.809088823063014,0.5,7.401768228493773,4.0592141458279505,7.401768228493773
10,10.0,19.412723330116776,0,0.0,0.5,19.412723330116776,5.39618177646126,19.809088823063014,4.89618177646126,19.809088823063014,0.5,8.104641858348963,4.118428291655901,7.401768228493773
20,10.0,19.008094438510145,0,0.0,0.5,19.008094438510145,5.59427266469189,19.809088823063014,5.09427266469189,19.809088823063014,0.5,8.75124370566061,4.1776424374838514,7.401768228493773
30,10.0,18.59466270936315,0,0.0,0.5,18.59466270936315,5.79236355292252,19.809088823063014,5.29236355292252,19.809088823063014,0.5,9.353251474200121,4.236856583311802,7.401768228493773
40,10.0,18.171827326018718,0,0.0,0.5,18.171827326018718,5.99045444115315,19.809088823063014,5.49045444115315,19.809088823063014,0.5,9.918788226562205,4.296070729139752,7.401768228493773
50,10.0,17.738915847883735,0,0.0,0.5,17.738915847883735,6.18854532938378,19.809088823063014,5.68854532938378,19.809088823063014,0.5,10.45377475494624,4.355284874967703,7.401768228493773
60,10.0,17.29517165424966,0,0.0,0.5,17.29517165424966,6.38663621761441,19.809088823063014,5.88663621761441,19.809088823063014,0.5,10.962684587769257,4.414499020795653,7.401768228493773
70,10.0,16.839738407755064,0,0.0,0.5,16.839738407755064,6.58472710584504,19.809088823063014,6.08472710584504,19.809088823063014,0.5,11.448995594141692,4.473713166623604,7.401768228493773
80,10.0,16.371640624362644,0,0.0,0.5,16.371640624362644,6.78281799407567,19.809088823063014,6.28281799407567,19.809088823063014,0.5,11.915475099988175,4.532927312451554,7.401768228493773
90,10.0,15.889759086434928,0,0.0,0.5,15.889759086434928,6.9809088823063,19.809088823063014,6.4809088823063,19.809088823063014,0.5,12.364367901441645,4.592141458279505,7.401768228493773
100,10.0,15.39279932035111,0,0.0,0.5,15.39279932035111,7.17899977053693,19.809088823063014,6.67899977053693,19.809088823063014,0.5,12.797524774188279,4.651355604107455,7.401768228493773
110,10.0,14.879250586244648,0,0.0,0.5,14.879250586244648,7.37709065876756,19.809088823063014,6.87709065876756,19.809088823063014,0.5,13.216492995107478,4.710569749935406,7.401768228493773
120,10.0,14.347331636925448,0,0.0,0.5,14.347331636925448,7.5751815469981905,19.809088823063014,7.0751815469981905,19.809088823063014,0.5,13.622581760939713,4.769783895763356,7.401768228493773
130,10.0,13.794917621775856,0,0.0,0.5,13.794917621775856,7.7732724352288205,19.809088823063014,7.2732724352288205,19.809088823063014,0.5,14.016910521839312,4.828998041591307,7.401768228493773
140,10.0,13.219439446634723,0,0.0,0.5,13.219439446634723,7.9713633234594505,19.809088823063014,7.4713633234594505,19.809088823063014,0.5,14.400445386202884,4.888212187419257,7.401768228493773
150,10.0,12.617741730393055,0,0.0,0.5,12.617741730393055,8.16945421169008,19.809088823063014,7.669454211690081,19.809088823063014,0.5,14.774027009071503,4.947426333247208,7.401768228493773
160,10.0,11.985876416289402,0,0.0,0.5,11.985876416289402,8.367545099920711,19.809088823063014,7.867545099920711,19.809088823063014,0.5,15.138392279516887,5.006640479075158,7.401768228493773
170,10.0,11.318792363066944,0,0.0,0.5,11.318792363066944,8.565635988151342,19.809088823063014,8.06563598815134,19.809088823063014,0.5,15.494191413310306,5.065854624903109,7.401768228493773
180,10.0,10.609848615785367,0,0.0,0.5,10.609848615785367,8.763726876381973,19.809088823063014,8.263726876381972,19.809088823063014,0.5,15.842001587427681,5.125068770731059,7.401768228493773
190,10.0,9.850010900579894,0,0.0,0.5,9.850010900579894,8.961817764612604,19.809088823063014,8.461817764612602,19.809088823063014,0.5,16.182337934916067,5.18428291655901,7.401768228493773
200,10.0,9.026435721435279,0,0.0,0.5,9.026435721435279,9.159908652843235,19.809088823063014,8.659908652843233,19.809088823063014,0.5,16.515662499082072,5.24349706238696,7.401768228493773
210,10.0,8.11975177729362,0,0.0,0.5,8.11975177729362,9.357999541073866,19.809088823063014,8.857999541073864,19.809088823063014,0.5,16.8423915916757,5.302711208214911,7.401768228493773
220,10.0,7.098182585459675,0,0.0,0.5,7.098182585459675,9.556090429304497,19.809088823063014,9.056090429304495,19.809088823063014,0.5,17.162901889573064,5.361925354042861,7.401768228493773
230,10.0,5.902374361914286,0,0.0,0.5,5.902374361914286,9.754181317535128,19.809088823063014,9.254181317535126,19.809088823063014,0.5,17.477535524634845,5.421139499870812,7.401768228493773
240,10.0,4.392248877265854,0,0.0,0.5,4.392248877265854,9.952272205765759,19.809088823063014,9.452272205765757,19.809088823063014,0.5,17.786604362796044,5.480353645698762,7.401768228493773
250,10.0,1.9353752327399572,0,0.0,0.5,1.9353752327399572,10.15036309399639,19.809088823063014,9.650363093996388,19.809088823063014,0.5,18.090393624860617,5.5395677915267125,7.401768228493773
260,10.0,0.0,0,0.0,0.5,0.0,10.34845398222702,19.809088823063014,9.848453982227019,19.809088823063014,0.5,18.389164968702634,5.598781937354663,7.401768228493773
270,10.0,0.0,0,0.0,0.5,0.0,10.546544870457652,19.809088823063014,10.04654487045765,19.809088823063014,0.5,18.683159127672237,5.6579960831826135,7.401768228493773
280,10.0,0.0,0,0.0,0.5,0.0,10.744635758688283,19.809088823063014,10.24463575868828,19.809088823063014,0.5,18.972598180894593,5.717210229010564,7.401768228493773
290,10.0,0.0,0,0.0,0.5,0.0,10.942726646918914,19.809088823063014,10.442726646918912,19.809088823063014,0.5,19.257687516351673,5.7764243748385145,7.401768228493773
300,10.0,0.0,0,0.0,0.5,0.0,11.140817535149544,19.809088823063014,10.640817535149543,19.809088823063014,0.5,19.53861753607991,5.835638520666465,7.401768228493773
310,10.0,0.0,0,0.0,0.5,0.0,11.338908423380175,19.809088823063014,10.838908423380174,19.809088823063014,0.5,19.815565143719013,5.894852666494415,7.401768228493773
320,10.0,0.0,0,0.0,0.5,0.0,11.533035656681344,19.412723330116776,11.036999311610804,19.809088823063014,0.5,20.08869504743238,5.954066812322366,7.401768228493773
330,10.0,0.0,0,0.0,0.5,0.0,11.723116601066446,19.008094438510145,11.235090199841435,19.809088823063014,0.5,20.358160905457463,6.013280958150316,7.401768228493773
340,10.0,0.0,0,0.0,0.5,0.0,11.909063228160077,18.59466270936315,11.433181088072066,19.809088823063014,0.5,20.624106336912128,6.072495103978267,7.401768228493773
350,10.0,0.0,0,0.0,0.5,0.0,12.090781501420265,18.171827326018718,11.631271976302697,19.809088823063014,0.5,20.886665816736315,6.131709249806217,7.401768228493773
360,10.0,0.0,0,0.0,0.5,0.0,12.268170659899102,17.738915847883735,11.829362864533328,19.809088823063014,0.5,21.14596547059944,6.190923395634168,7.401768228493773
370,10.0,0.0,0,0.0,0.5,0.0,12.441122376441598,17.29517165424966,12.02745375276396,19.809088823063014,0.5,21.40212378310961,6.250137541462118,7.401768228493773
380,10.0,0.0,0,0.0,0.5,0.0,12.609519760519149,16.839738407755064,12.22554464099459,19.809088823063014,0.5,21.655252230609285,6.309351687290069,7.401768228493773
390,10.0,0.0,0,0.0,0.5,0.0,12.773236166762775,16.371640624362644,12.423635529225221,19.809088823063014,0.5,21.90545584814593,6.368565833118019,7.401768228493773
400,10.0,0.0,0,0.0,0.5,0.0,12.932133757627124,15.889759086434928,12.621726417455852,19.809088823063014,0.5,22.15283373879814,6.42777997894597,7.401768228493773
410,10.0,0.0,0,0.0,0.5,0.0,13.086061750830636,15.39279932035111,12.819817305686483,19.809088823063014,0.5,22.397479532362464,6.48699412477392,7.401768228493773
420,10.0,0.0,0,0.0,0.5,0.0,13.234854256693083,14.879250586244648,13.017908193917114,19.809088823063014,0.5,22.639481799421954,6.546208270601871,7.401768228493773
430,10.0,0.0,0,0.0,0.5,0.0,13.378327573062338,14.347331636925448,13.215999082147745,19.809088823063014,0.5,22.87892442598909,6.605422416429821,7.401768228493773
440,10.0,0.0,0,0.0,0.5,0.0,13.516276749280097,13.794917621775856,13.414089970378376,19.809088823063014,0.5,23.115886953216453,6.664636562257772,7.401768228493773
450,10.0,0.0,0,0.0,0.5,0.0,13.648471143746445,13.219439446634723,13.612180858609007,19.809088823063014,0.5,23.350444886075405,6.723850708085722,7.401768228493773
460,10.0,0.0,0,0.0,0.5,0.0,13.774648561050375,12.617741730393055,13.810271746839637,19.809088823063014,0.5,23.58266997439873,6.783064853913673,7.401768228493773
470,10.0,0.0,0,0.0,0.5,0.0,13.894507325213269,11.985876416289402,14.008362635070268,19.809088823063014,0.5,23.81263046925244,6.847901988780464,8.104641858348963
480,10.0,0.0,0,0.0,0.5,0.0,14.007695248843937,11.318792363066944,14.2064535233009,19.809088823063014,0.5,24.03121146403493,6.917911938425749,8.75124370566061
490,10.0,0.0,0,0.0,0.5,0.0,14.11379373500179,10.609848615785367,14.40454441153153,19.809088823063014,0.5,24.239449591303465,6.992737950219349,9.353251474200121
500,10.0,0.0,0,0.0,0.5,0.0,14.21229384400759,9.850010900579894,14.602635299762161,19.809088823063014,0.5,24.43818209262137,7.072088256031847,9.918788226562205
510,10.0,0.0,0,0.0,0.5,0.0,14.302558201221943,9.026435721435279,14.800726187992792,19.809088823063014,0.5,24.62810396478574,7.155718454071417,10.45377475494624
520,10.0,0.0,0,0.0,0.5,0.0,14.38375571899488,8.11975177729362,14.998817076223423,19.809088823063014,0.5,24.809804107781453,7.243419930773571,10.962684587769257
530,10.0,0.0,0,0.0,0.5,0.0,14.454737544849477,7.098182585459675,15.196907964454054,19.809088823063014,0.5,24.98378956209895,7.335011895526705,11.448995594141692
540,10.0,0.0,0,0.0,0.5,0.0,14.51376128846862,5.902374361914286,15.394998852684685,19.809088823063014,0.5,25.150502507857738,7.43033569632661,11.915475099988175
550,10.0,0.0,0,0.0,0.5,0.0,14.557683777241278,4.392248877265854,15.593089740915316,19.809088823063014,0.5,25.310332621665044,7.5292506395381436,12.364367901441645
560,10.0,0.0,0,0.0,0.5,0.0,14.577037529568678,1.9353752327399572,15.791180629145947,19.809088823063014,0.5,25.463626324316426,7.63163083773165,12.797524774188279
570,10.0,0.0,0,0.0,0.5,0.0,14.577037529568678,0.0,15.989271517376578,19.809088823063014,0.5,25.61069387069655,7.73736278169251,13.216492995107478
580,10.0,0.0,0,0.0,0.5,0.0,14.577037529568678,0.0,16.187362405607207,19.809088823063014,0.5,25.751814896912126,7.846343435780027,13.622581760939713
590,10.0,0.0,0,0.0,0.5,0.0,14.577037529568678,0.0,16.385453293837838,19.809088823063014,0.5,25.887242836199782,7.9584787199547415,14.016910521839312
600,10.0,0.0,0,0.0,0.5,0.0,14.577037529568678,0.0,16.58354418206847,19.809088823063014,0.5,26.017208487204876,8.073682283044365,14.400445386202884
610,10.0,0.0,0,0.0,0.5,0.0,14.577037529568678,0.0,16.7816350702991,19.809088823063014,0.5,26.14192293508172,8.191874499116937,14.774027009071503
620,10.0,0.0,0,0.0,0.5,0.0,14.577037529568678,0.0,16.97972595852973,19.809088823063014,0.5,26.261579970266755,8.312981637353072,15.138392279516887
630,10.0,0.0,0,0.0,0.5,0.0,14.577037529568678,0.0,17.17781684676036,19.809088823063014,0.5,26.376358111655296,8.436935168659554,15.494191413310306
640,10.0,0.0,0,0.0,0.5,0.0,14.577037529568678,0.0,17.375907734990992,19.809088823063014,0.5,26.48642231419131,8.563671181358975,15.842001587427681
650,10.0,0.0,0,0.0,0.5,0.0,14.577037529568678,0.0,17.573998623221623,19.809088823063014,0.5,26.591925421777578,8.693129884838303,16.182337934916067
660,10.0,0.0,0,0.0,0.5,0.0,14.577037529568678,0.0,17.772089511452254,19.809088823063014,0.5,26.69300941251591,8.82525518483096,16.515662499082072
670,10.0,0.0,0,0.0,0.5,0.0,14.577037529568678,0.0,17.970180399682885,19.809088823063014,0.5,26.78980647301468,8.959994317564366,16.8423915916757
680,10.0,0.0,0,0.0,0.5,0.0,14.577037529568678,0.0,18.168271287913516,19.809088823063014,0.5,26.882439930798718,9.097297532680951,17.162901889573064
690,10.0,0.0,0,0.0,0.5,0.0,14.577037529568678,0.0,18.366362176144147,19.809088823063014,0.5,26.971025068005694,9.23711781687803,17.477535524634845
700,10.0,0.0,0,0.0,0.5,0.0,14.577037529568678,0.0,18.564453064374778,19.809088823063014,0.5,27.055669835055735,9.379410651780399,17.786604362796044
710,10.0,0.0,0,0.0,0.5,0.0,14.577037529568678,0.0,18.76254395260541,19.809088823063014,0.5,27.136475479486034,9.524133800779284,18.090393624860617
720,10.0,0.0,0,0.0,0.5,0.0,14.577037529568678,0.0,18.96063484083604,19.809088823063014,0.5,27.213537102399133,9.671247120528905,18.389164968702634
730,10.0,0.0,0,0.0,0.5,0.0,14.577037529568678,0.0,19.15872572906667,19.809088823063014,0.5,27.286944152800324,9.820712393550282,18.683159127672237
740,10.0,0.0,0,0.0,0.5,0.0,14.577037529568678,0.0,19.3568166172973,19.809088823063014,0.5,27.356780868363625,9.97249317899744,18.972598180894593
750,10.0,0.0,0,0.0,0.5,0.0,14.577037529568678,0.0,19.554907505527932,19.809088823063014,0.5,27.423126669767495,10.126554679128253,19.257687516351673
760,10.0,0.0,0,0.0,0.5,0.0,14.577037529568678,0.0,19.752998393758563,19.809088823063014,0.5,27.48605651460731,10.282863619416892,19.53861753607991
770,10.0,0.0,0,0.0,0.5,0.0,14.577037529568678,0.0,19.951089281989194,19.809088823063014,0.5,27.545641215965084,10.441388140566644,19.815565143719013
780,10.0,0.0,0,0.0,0.5,0.0,14.577037529568678,0.0,20.149180170219825,19.809088823063014,0.5,27.60194772995525,10.602097700946103,20.08869504743238
790,10.0,0.0,0,0.0,0.5,0.0,14.577037529568678,0.0,20.347271058450456,19.809088823063014,0.5,27.65503941593542,10.764962988189763,20.358160905457463
800,10.0,0.0,0,0.0,0.5,0.0,14.577037529568678,0.0,20.545361946681087,19.809088823063014,0.5,27.704976272547125,10.92995583888506,20.624106336912128
810,10.0,0.0,0,0.0,0.5,0.0,14.577037529568678,0.0,20.743452834911718,19.809088823063014,0.5,27.75181515231341,11.097049165418952,20.886665816736315
820,10.0,0.0,0,0.0,0.5,0.0,14.577037529568678,0.0,20.94154372314235,19.809088823063014,0.5,27.795609957152088,11.266216889183747,21.14596547059944
830,10.0,0.0,0,0.0,0.5,0.0,14.577037529568678,0.0,21.13963461137298,19.809088823063014,0.5,27.8364118168526,11.437433879448625,21.40212378310961
840,10.0,0.0,0,0.0,0.5,0.0,14.577037529568678,0.0,21.33772549960361,19.809088823063014,0.5,27.874269252300827,11.610675897293499,21.655252230609285
850,10.0,0.0,0,0.0,0.5,0.0,14.577037529568678,0.0,21.53581638783424,19.809088823063014,0.5,27.90922832501174,11.785919544078666,21.90545584814593
860,10.0,0.0,0,0.0,0.5,0.0,14.577037529568678,0.0,21.733907276064873,19.809088823063014,0.5,27.94133277433769,11.963142213989052,22.15283373879814
870,10.0,0.0,0,0.0,0.5,0.0,14.577037529568678,0.0,21.931998164295504,19.809088823063014,0.5,27.970624143555508,12.142322050247952,22.397479532362464
880,10.0,0.0,0,0.0,0.5,0.0,14.577037529568678,0.0,22.130089052526134,19.809088823063014,0.5,27.997141895893442,12.323437904643328,22.639481799421954
890,10.0,0.0,0,0.0,0.5,0.0,14.577037529568678,0.0,22.328179940756765,19.809088823063014,0.5,28.02092352143631,12.50646930005124,22.87892442598909
900,10.0,0.0,0,0.0,0.5,0.0,14.577037529568678,0.0,22.526270828987396,19.809088823063014,0.5,28.04200463574082,12.691396395676971,23.115886953216453
910,10.0,0.0,0,0.0,0.5,0.0,14.577037529568678,0.0,22.724361717218027,19.809088823063014,0.5,28.060419070900245,12.878199954765574,23.350444886075405
920,10.0,0.0,0,0.0,0.5,0.0,14.577037529568678,0.0,22.922452605448658,19.809088823063014,0.5,28.0761989597169,13.066861314560764,23.58266997439873
930,10.0,0.0,0,0.0,0.5,0.0,14.577037529568678,0.0,23.116579838749825,19.412723330116776,0.5,28.08383716265207,13.257362358314785,23.81263046925244
940,10.0,0.0,0,0.0,0.5,0.0,14.577037529568678,0.0,23.306660783134927,19.008094438510145,0.5,28.083250174790752,13.449612050027064,24.03121146403493
950,10.0,0.0,0,0.0,0.5,0.0,14.577037529568678,0.0,23.49260741022856,18.59466270936315,0.5,28.074441684005283,13.64352764675749,24.239449591303465
960,10.0,0.0,0,0.0,0.5,0.0,14.577037529568678,0.0,23.674325683488746,18.171827326018718,0.5,28.057388152190306,13.839033103498462,24.43818209262137
970,10.0,0.0,0,0.0,0.5,0.0,14.577037529568678,0.0,23.851714841967585,17.738915847883735,0.5,28.032039933530648,14.036057935216748,24.62810396478574
980,10.0,0.0,0,0.0,0.5,0.0,14.577037529568678,0.0,24.02466655851008,17.29517165424966,0.5,27.99832146318884,14.234536368079,24.809804107781453
990,10.0,0.0,0,0.0,0.5,0.0,14.577037529568678,0.0,24.19306394258763,16.839738407755064,0.5,27.95613070593707,14.434406684575793,24.98378956209895
1000,10.0,0.0,0,0.0,0.5,0.0,14.577037529568678,0.0,24.356780348831258,16.371640624362644,0.5,27.90533793328382,14.635610704638655,25.150502507857738
1010,10.0,0.0,0,0.0,0.5,0.0,14.577037529568678,0.0,24.515677939695607,15.889759086434928,0.5,27.845783821025215,14.838093365611975,25.310332621665044
1020,10.0,0.0,0,0.0,0.5,0.0,14.577037529568678,0.0,24.669605932899117,15.39279932035111,0.5,27.777276797423735,15.041802376206507,25.463626324316426
1030,10.0,0.0,0,0.0,0.5,0.0,14.577037529568678,0.0,24.818398438761562,14.879250586244648,0.5,27.69958950940105,15.24668792717208,25.61069387069655
1040,10.0,0.0,0,0.0,0.5,0.0,14.577037529568678,0.0,24.961871755130815,14.347331636925448,0.5,27.612454197665983,15.452702446347375,25.751814896912126
1050,10.0,0.0,0,0.0,0.5,0.0,14.577037529568678,0.0,25.099820931348575,13.794917621775856,0.5,27.515556667145482,15.659800389036974,25.887242836199782
1060,10.0,0.0,0,0.0,0.5,0.0,14.577037529568678,0.0,25.23201532581492,13.219439446634723,0.5,27.40852838512738,15.867938056934612,26.017208487204876
1070,10.0,0.0,0,0.0,0.5,0.0,14.577037529568678,0.0,25.358192743118853,12.617741730393055,0.5,27.2909360002866,16.077073440415266,26.14192293508172
1080,10.0,0.0,0,0.0,0.5,0.0,14.577037529568678,0.0,25.478051507281748,11.985876416289402,0.5,27.16226718607417,16.2871660801774,26.261579970266755
1090,10.0,0.0,0,0.0,0.5,0.0,14.577037529568678,0.0,25.591239430912417,11.318792363066944,0.5,27.021911045773283,16.498176945070643,26.376358111655296
1100,10.0,0.0,0,0.0,0.5,0.0,14.577037529568678,0.0,25.69733791707027,10.609848615785367,0.5,26.86913011399012,16.710068323584174,26.48642231419131
1110,10.0,0.0,0,0.0,0.5,0.0,14.577037529568678,0.0,25.79583802607607,9.850010900579894,0.5,26.7030186730183,16.922803726958396,26.591925421777578
1120,10.0,0.0,0,0.0,0.5,0.0,14.577037529568678,0.0,25.88610238329042,9.026435721435279,0.5,26.52243726637764,17.136347802258523,26.69300941251591
1130,10.0,0.0,0,0.0,0.5,0.0,14.577037529568678,0.0,25.967299901063356,8.11975177729362,0.5,26.32590208737781,17.35066625404264,26.78980647301468
1140,10.0,0.0,0,0.0,0.5,0.0,14.577037529568678,0.0,26.03828172691795,7.098182585459675,0.5,26.111378023981317,17.565725773489028,26.882439930798718
1150,10.0,0.0,0,0.0,0.5,0.0,14.577037529568678,0.0,26.097305470537094,5.902374361914286,0.5,25.875826066511042,17.781493974033072,26.971025068005694
1160,10.0,0.0,0,0.0,0.5,0.0,14.577037529568678,0.0,26.141227959309752,4.392248877265854,0.5,25.61390097514461,17.997939332713518,27.055669835055735
1170,10.0,0.0,0,0.0,0.5,0.0,14.577037529568678,0.0,26.160581711637153,1.9353752327399572,0.5,25.310159499654024,18.215031136549406,27.136475479486034
1180,10.0,0.0,0,0.0,0.5,0.0,14.577037529568678,0.0,26.160581711637153,0.0,0.5,24.971319731501705,18.4327394333686,27.213537102399133
1190,10.0,0.0,0,0.0,0.5,0.0,14.577037529568678,0.0,26.160581711637153,0.0,0.5,24.626836215773153,18.651034986591004,27.286944152800324
1200,10.0,0.0,0,0.0,0.5,0.0,14.577037529568678,0.0,26.160581711637153,0.0,0.5,24.276515956405728,18.86988923353791,27.356780868363625
1210,10.0,0.0,0,0.0,0.5,0.0,14.577037529568678,0.0,26.160581711637153,0.0,0.5,23.920149365780066,19.08927424689605,27.423126669767495
1220,10.0,0.0,0,0.0,0.5,0.0,14.577037529568678,0.0,26.160581711637153,0.0,0.5,23.557508565909124,19.30916269901291,27.48605651460731
1230,10.0,0.0,0,0.0,0.5,0.0,14.577037529568678,0.0,26.160581711637153,0.0,0.5,23.18834543711023,19.52952782874063,27.545641215965084
1240,10.0,0.0,0,0.0,0.5,0.0,14.577037529568678,0.0,26.160581711637153,0.0,0.5,22.81238936915025,19.75034341058027,27.60194772995525
1250,10.0,0.0,0,0.0,0.5,0.0,14.577037529568678,0.0,26.160581711637153,0.0,0.5,22.42934465977426,19.971583725907756,27.65503941593542
1260,10.0,0.0,0,0.0,0.5,0.0,14.577037529568678,0.0,26.160581711637153,0.0,0.5,22.038887492794256,20.193223536088134,27.704976272547125
1270,10.0,0.0,0,0.0,0.5,0.0,14.577037529568678,0.0,26.160581711637153,0.0,0.5,21.640662411698194,20.41523805730664,27.75181515231341
1280,10.0,0.0,0,0.0,0.5,0.0,14.577037529568678,0.0,26.160581711637153,0.0,0.5,21.234278183914295,20.63760293696386,27.795609957152088
1290,10.0,0.0,0,0.0,0.5,0.0,14.577037529568678,0.0,26.160581711637153,0.0,0.5,20.819302923881967,20.86029423149868,27.8364118168526
1300,10.0,0.0,0,0.0,0.5,0.0,14.577037529568678,0.0,26.160581711637153,0.0,0.5,20.395258307784857,21.083288385517086,27.874269252300827
1310,10.0,0.0,0,0.0,0.5,0.0,14.577037529568678,0.0,26.160581711637153,0.0,0.5,19.961612666162594,21.30656221211718,27.90922832501174
1320,10.0,0.0,0,0.0,0.5,0.0,14.577037529568678,0.0,26.160581711637153,0.0,0.5,19.517772678313673,21.53009287431188,27.94133277433769
1330,10.0,0.0,0,0.0,0.5,0.0,14.577037529568678,0.0,26.160581711637153,0.0,0.5,19.063073308186365,21.753857867460322,27.970624143555508
1340,10.0,0.0,0,0.0,0.5,0.0,14.577037529568678,0.0,26.160581711637153,0.0,0.5,18.596765506157187,21.97783500262747,27.997141895893442
1350,10.0,0.0,0,0.0,0.5,0.0,14.577037529568678,0.0,26.160581711637153,0.0,0.5,18.118001041038717,22.20200239079896,28.02092352143631
1360,10.0,0.0,0,0.0,0.5,0.0,14.577037529568678,0.0,26.160581711637153,0.0,0.5,17.625813601061978,22.426338427884886,28.04200463574082
1370,10.0,0.0,0,0.0,0.5,0.0,14.577037529568678,0.0,26.160581711637153,0.0,0.5,17.119094979258627,22.650821780452087,28.060419070900245
1380,10.0,0.0,0,0.0,0.5,0.0,14.577037529568678,0.0,26.160581711637153,0.0,0.5,16.596564686687543,22.87543137212982,28.0761989597169
1390,10.0,0.0,0,0.0,0.5,0.0,14.577037529568678,0.0,26.160581711637153,0.0,0.5,16.056730633741584,23.10010206943104,28.08383716265207
1400,10.0,0.0,0,0.0,0.5,0.0,14.577037529568678,0.0,26.160581711637153,0.0,0.5,15.49794961665368,23.324768070829364,28.083250174790752
1410,10.0,0.0,0,0.0,0.5,0.0,14.577037529568678,0.0,26.160581711637153,0.0,0.5,14.918265801714195,23.549363604301405,28.074441684005283
1420,10.0,0.0,0,0.0,0.5,0.0,14.577037529568678,0.0,26.160581711637153,0.0,0.5,14.315320361895836,23.773822709518928,28.057388152190306
1430,10.0,0.0,0,0.0,0.5,0.0,14.577037529568678,0.0,26.160581711637153,0.0,0.5,13.686228351384406,23.998079028987174,28.032039933530648
1440,10.0,0.0,0,0.0,0.5,0.0,14.577037529568678,0.0,26.160581711637153,0.0,0.5,13.02740229417862,24.222065600692684,27.99832146318884
1450,10.0,0.0,0,0.0,0.5,0.0,14.577037529568678,0.0,26.160581711637153,0.0,0.5,12.334291401897474,24.445714646340182,27.95613070593707
1460,10.0,0.0,0,0.0,0.5,0.0,14.577037529568678,0.0,26.160581711637153,0.0,0.5,11.600981306963059,24.66895734980645,27.90533793328382
1470,10.0,0.0,0,0.0,0.5,0.0,14.577037529568678,0.0,26.160581711637153,0.0,0.5,10.8195508186095,24.891723620374652,27.845783821025215
1480,10.0,0.0,0,0.0,0.5,0.0,14.577037529568678,0.0,26.160581711637153,0.0,0.5,9.978977051896708,25.11394183475404,27.777276797423735
1490,10.0,0.0,0,0.0,0.5,0.0,14.577037529568678,0.0,26.160581711637153,0.0,0.5,9.063128463052186,25.33553855082925,27.69958950940105
1500,10.0,0.0,0,0.0,0.5,0.0,14.577037529568678,0.0,26.160581711637153,0.0,0.5,8.046700395827123,25.556438184410577,27.612454197665983
1510,10.0,0.0,0,0.0,0.5,0.0,14.577037529568678,0.0,26.160581711637153,0.0,0.5,6.885723202158338,25.77656263774774,27.515556667145482
1520,10.0,0.0,0,0.0,0.5,0.0,14.577037529568678,0.0,26.160581711637153,0.0,0.5,5.489792065173423,25.99583086482876,27.40852838512738
1530,10.0,0.0,0,0.0,0.5,0.0,14.577037529568678,0.0,26.160581711637153,0.0,0.5,3.5957817588839576,26.214158352831053,27.2909360002866
1540,10.0,0.0,0,0.0,0.5,0.0,14.577037529568678,0.0,26.160581711637153,0.0,0.5,0.0,26.431456490319647,27.16226718607417
1550,10.0,0.0,0,0.0,0.5,0.0,14.577037529568678,0.0,26.160581711637153,0.0,0.5,0.0,26.647631778685835,27.021911045773283
1560,10.0,0.0,0,0.0,0.5,0.0,14.577037529568678,0.0,26.160581711637153,0.0,0.5,0.0,26.862584819597757,26.86913011399012
1570,10.0,0.0,0,0.0,0.5,0.0,14.577037529568678,0.0,26.160581711637153,0.0,0.5,0.0,27.076208968981902,26.7030186730183
1580,10.0,0.0,0,0.0,0.5,0.0,14.577037529568678,0.0,26.160581711637153,0.0,0.5,0.0,27.288388467112924,26.52243726637764
1590,10.0,0.0,0,0.0,0.5,0.0,14.577037529568678,0.0,26.160581711637153,0.0,0.5,0.0,27.498995683811945,26.32590208737781
1600,10.0,0.0,0,0.0,0.5,0.0,14.577037529568678,0.0,26.160581711637153,0.0,0.5,0.0,27.707886708003794,26.111378023981317
1610,10.0,0.0,0,0.0,0.5,0.0,14.577037529568678,0.0,26.160581711637153,0.0,0.5,0.0,27.91489331653588,25.875826066511042
1620,10.0,0.0,0,0.0,0.5,0.0,14.577037529568678,0.0,26.160581711637153,0.0,0.5,0.0,28.119804524337038,25.61390097514461
1630,10.0,0.0,0,0.0,0.5,0.0,14.577037529568678,0.0,26.160581711637153,0.0,0.5,0.0,28.32228580033427,25.310159499654024
1640,10.0,0.0,0,0.0,0.5,0.0,14.577037529568678,0.0,26.160581711637153,0.0,0.5,0.0,28.522056358186283,24.971319731501705
1650,10.0,0.0,0,0.0,0.5,0.0,14.577037529568678,0.0,26.160581711637153,0.0,0.5,0.0,28.71907104791247,24.626836215773153
1660,10.0,0.0,0,0.0,0.5,0.0,14.577037529568678,0.0,26.160581711637153,0.0,0.5,0.0,28.913283175563713,24.276515956405728
1670,10.0,0.0,0,0.0,0.5,0.0,14.577037529568678,0.0,26.160581711637153,0.0,0.5,0.0,29.104644370489954,23.920149365780066
1680,10.0,0.0,0,0.0,0.5,0.0,14.577037529568678,0.0,26.160581711637153,0.0,0.5,0.0,29.293104439017227,23.557508565909124
1690,10.0,0.0,0,0.0,0.5,0.0,14.577037529568678,0.0,26.160581711637153,0.0,0.5,0.0,29.47861120251411,23.18834543711023
1700,10.0,0.0,0,0.0,0.5,0.0,14.577037529568678,0.0,26.160581711637153,0.0,0.5,0.0,29.661110317467312,22.81238936915025
1710,10.0,0.0,0,0.0,0.5,0.0,14.577037529568678,0.0,26.160581711637153,0.0,0.5,0.0,29.840545074745506,22.42934465977426
1720,10.0,0.0,0,0.0,0.5,0.0,14.577037529568678,0.0,26.160581711637153,0.0,0.5,0.0,30.01685617468786,22.038887492794256
1730,10.0,0.0,0,0.0,0.5,0.0,14.577037529568678,0.0,26.160581711637153,0.0,0.5,0.0,30.189981473981444,21.640662411698194
1740,10.0,0.0,0,0.0,0.5,0.0,14.577037529568678,0.0,26.160581711637153,0.0,0.5,0.0,30.35985569945276,21.234278183914295
1750,10.0,0.0,0,0.0,0.5,0.0,14.577037529568678,0.0,26.160581711637153,0.0,0.5,0.0,30.526410122843814,20.819302923881967
1760,10.0,0.0,0,0.0,0.5,0.0,14.577037529568678,0.0,26.160581711637153,0.0,0.5,0.0,30.68957218930609,20.395258307784857
1770,10.0,0.0,0,0.0,0.5,0.0,14.577037529568678,0.0,26.160581711637153,0.0,0.5,0.0,30.84926509063539,19.961612666162594
1780,10.0,0.0,0,0.0,0.5,0.0,14.577037529568678,0.0,26.160581711637153,0.0,0.5,0.0,31.005407272061902,19.517772678313673
1790,10.0,0.0,0,0.0,0.5,0.0,14.577037529568678,0.0,26.160581711637153,0.0,0.5,0.0,31.15791185852739,19.063073308186365
1800,10.0,0.0,0,0.0,0.5,0.0,14.577037529568678,0.0,26.160581711637153,0.0,0.5,0.0,31.30668598257665,18.596765506157187
1810,10.0,0.0,0,0.0,0.5,0.0,14.577037529568678,0.0,26.160581711637153,0.0,0.5,0.0,31.45162999090496,18.118001041038717
1820,10.0,0.0,0,0.0,0.5,0.0,14.577037529568678,0.0,26.160581711637153,0.0,0.5,0.0,31.592636499713453,17.625813601061978
1830,10.0,0.0,0,0.0,0.5,0.0,14.577037529568678,0.0,26.160581711637153,0.0,0.5,0.0,31.729589259547524,17.119094979258627
1840,10.0,0.0,0,0.0,0.5,0.0,14.577037529568678,0.0,26.160581711637153,0.0,0.5,0.0,31.862361777041023,16.596564686687543
1850,10.0,0.0,0,0.0,0.5,0.0,14.577037529568678,0.0,26.160581711637153,0.0,0.5,0.0,31.990815622110958,16.056730633741584
1860,10.0,0.0,0,0.0,0.5,0.0,14.577037529568678,0.0,26.160581711637153,0.0,0.5,0.0,32.11479921904419,15.49794961665368
1870,10.0,0.0,0,0.0,0.5,0.0,14.577037529568678,0.0,26.160581711637153,0.0,0.5,0.0,32.234145345457904,14.918265801714195
1880,10.0,0.0,0,0.0,0.5,0.0,14.577037529568678,0.0,26.160581711637153,0.0,0.5,0.0,32.34866790835307,14.315320361895836
1890,10.0,0.0,0,0.0,0.5,0.0,14.577037529568678,0.0,26.160581711637153,0.0,0.5,0.0,32.45815773516415,13.686228351384406
1900,10.0,0.0,0,0.0,0.5,0.0,14.577037529568678,0.0,26.160581711637153,0.0,0.5,0.0,32.56237695351758,13.02740229417862
1910,10.0,0.0,0,0.0,0.5,0.0,14.577037529568678,0.0,26.160581711637153,0.0,0.5,0.0,32.66105128473276,12.334291401897474
1920,10.0,0.0,0,0.0,0.5,0.0,14.577037529568678,0.0,26.160581711637153,0.0,0.5,0.0,32.75385913518846,11.600981306963059
1930,10.0,0.0,0,0.0,0.5,0.0,14.577037529568678,0.0,26.160581711637153,0.0,0.5,0.0,32.840415541737336,10.8195508186095
1940,10.0,0.0,0,0.0,0.5,0.0,14.577037529568678,0.0,26.160581711637153,0.0,0.5,0.0,32.92024735815251,9.978977051896708
1950,10.0,0.0,0,0.0,0.5,0.0,14.577037529568678,0.0,26.160581711637153,0.0,0.5,0.0,32.992752385856924,9.063128463052186
1960,10.0,0.0,0,0.0,0.5,0.0,14.577037529568678,0.0,26.160581711637153,0.0,0.5,0.0,33.05712598902354,8.046700395827123
1970,10.0,0.0,0,0.0,0.5,0.0,14.577037529568678,0.0,26.160581711637153,0.0,0.5,0.0,33.112211774640805,6.885723202158338
1980,10.0,0.0,0,0.0,0.5,0.0,14.577037529568678,0.0,26.160581711637153,0.0,0.5,0.0,33.15613011116219,5.489792065173423
1990,10.0,0.0,0,0.0,0.5,0.0,14.577037529568678,0.0,26.160581711637153,0.0,0.5,0.0,33.184896365233264,3.5957817588839576
2000,10.0,0.0,0,0.0,0.5,0.0,14.577037529568678,0.0,26.160581711637153,0.0,0.5,0.0,33.184896365233264,0.0
2010,10.0,0.0,0,0.0,0.5,0.0,14.577037529568678,0.0,26.160581711637153,0.0,0.5,0.0,33.184896365233264,0.0
2020,10.0,0.0,0,0.0,0.5,0.0,14.577037529568678,0.0,26.160581711637153,0.0,0.5,0.0,33.184896365233264,0.0
2030,10.0,0.0,0,0.0,0.5,0.0,14.577037529568678,0.0,26.160581711637153,0.0,0.5,0.0,33.184896365233264,0.0
2040,10.0,0.0,0,0.0,0.5,0.0,14.577037529568678,0.0,26.160581711637153,0.0,0.5,0.0,33.184896365233264,0.0
2050,10.0,0.0,0,0.0,0.5,0.0,14.577037529568678,0.0,26.160581711637153,0.0,0.5,0.0,33.184896365233264,0.0
2060,10.0,0.0,0,0.0,0.5,0.0,14.577037529568678,0.0,26.160581711637153,0.0,0.5,0.0,33.184896365233264,0.0
2070,10.0,0.0,0,0.0,0.5,0.0,14.577037529568678,0.0,26.160581711637153,0.0,0.5,0.0,33.184896365233264,0.0
2080,10.0,0.0,0,0.0,0.5,0.0,14.577037529568678,0.0,26.160581711637153,0.0,0.5,0.0,33.184896365233264,0.0
2090,10.0,0.0,0,0.0,0.5,0.0,14.577037529568678,0.0,26.160581711637153,0.0,0.5,0.0,33.184896365233264,0.0
2100,10.0,0.0,0,0.0,0.5,0.0,14.577037529568678,0.0,26.160581711637153,0.0,0.5,0.0,33.184896365233264,0.0
2110,10.0,0.0,0,0.0,0.5,0.0,14.577037529568678,0.0,26.160581711637153,0.0,0.5,0.0,33.184896365233264,0.0
2120,10.0,0.0,0,0.0,0.5,0.0,14.577037529568678,0.0,26.160581711637153,0.0,0.5,0.0,33.184896365233264,0.0
2130,10.0,0.0,0,0.0,0.5,0.0,14.577037529568678,0.0,26.160581711637153,0.0,0.5,0.0,33.184896365233264,0.0
2140,10.0,0.0,0,0.0,0.5,0.0,14.577037529568678,0.0,26.160581711637153,0.0,0.5,0.0,33.184896365233264,0.0
2150,10.0,0.0,0,0.0,0.5,0.0,14.577037529568678,0.0,26.160581711637153,0.0,0.5,0.0,33.184896365233264,0.0
2160,10.0,0.0,0,0.0,0.5,0.0,14.577037529568678,0.0,26.160581711637153,0.0,0.5,0.0,33.184896365233264,0.0
2170,10.0,0.0,0,0.0,0.5,0.0,14.577037529568678,0.0,26.160581711637153,0.0,0.5,0.0,33.184896365233264,0.0
2180,10.0,0.0,0,0.0,0.5,0.0,14.577037529568678,0.0,26.160581711637153,0.0,0.5,0.0,33.184896365233264,0.0
2190,10.0,0.0,0,0.0,0.5,0.0,14.577037529568678,0.0,26.160581711637153,0.0,0.5,0.0,33.184896365233264,0.0
2200,10.0,0.0,0,0.0,0.5,0.0,14.577037529568678,0.0,26.160581711637153,0.0,0.5,0.0,33.184896365233264,0.0
2210,10.0,0.0,0,0.0,0.5,0.0,14.577037529568678,0.0,26.160581711637153,0.0,0.5,0.0,33.184896365233264,0.0
2220,10.0,0.0,0,0.0,0.5,0.0,14.577037529568678,0.0,26.160581711637153,0.0,0.5,0.0,33.184896365233264,0.0
2230,10.0,0.0,0,0.0,0.5,0.0,14.577037529568678,0.0,26.160581711637153,0.0,0.5,0.0,33.184896365233264,0.0
2240,10.0,0.0,0,0.0,0.5,0.0,14.577037529568678,0.0,26.160581711637153,0.0,0.5,0.0,33.184896365233264,0.0
2250,10.0,0.0,0,0.0,0.5,0.0,14.577037529568678,0.0,26.160581711637153,0.0,0.5,0.0,33.184896365233264,0.0
2260,10.0,0.0,0,0.0,0.5,0.0,14.577037529568678,0.0,26.160581711637153,0.0,0.5,0.0,33.184896365233264,0.0
2270,10.0,0.0,0,0.0,0.5,0.0,14.577037529568678,0.0,26.160581711637153,0.0,0.5,0.0,33.184896365233264,0.0
2280,10.0,0.0,0,0.0,0.5,0.0,14.577037529568678,0.0,26.160581711637153,0.0,0.5,0.0,33.184896365233264,0.0
2290,10.0,0.0,0,0.0,0.5,0.0,14.577037529568678,0.0,26.160581711637153,0.0,0.5,0.0,33.184896365233264,0.0
2300,10.0,0.0,0,0.0,0.5,0.0,14.577037529568678,0.0,26.160581711637153,0.0,0.5,0.0,33.184896365233264,0.0
2310,10.0,0.0,0,0.0,0.5,0.0,14.577037529568678,0.0,26.160581711637153,0.0,0.5,0.0,33.184896365233264,0.0
2320,10.0,0.0,0,0.0,0.5,0.0,14.577037529568678,0.0,26.160581711637153,0.0,0.5,0.0,33.184896365233264,0.0
2330,10.0,0.0,0,0.0,0.5,0.0,14.577037529568678,0.0,26.160581711637153,0.0,0.5,0.0,33.184896365233264,0.0
2340,10.0,0.0,0,0.0,0.5,0.0,14.577037529568678,0.0,26.160581711637153,0.0,0.5,0.0,33.184896365233264,0.0
2350,10.0,0.0,0,0.0,0.5,0.0,14.577037529568678,0.0,26.160581711637153,0.0,0.5,0.0,33.184896365233264,0.0
2360,10.0,0.0,0,0.0,0.5,0.0,14.577037529568678,0.0,26.160581711637153,0.0,0.5,0.0,33.184896365233264,0.0
2370,10.0,0.0,0,0.0,0.5,0.0,14.577037529568678,0.0,26.160581711637153,0.0,0.5,0.0,33.184896365233264,0.0
2380,10.0,0.0,0,0.0,0.5,0.0,14.577037529568678,0.0,26.160581711637153,0.0,0.5,0.0,33.184896365233264,0.0
2390,10.0,0.0,0,0.0,0.5,0.0,14.577037529568678,0.0,26.160581711637153,0.0,0.5,0.0,33.184896365233264,0.0
2400,10.0,0.0,0,0.0,0.5,0.0,14.577037529568678,0.0,26.160581711637153,0.0,0.5,0.0,33.184896365233264,0.0
2410,10.0,0.0,0,0.0,0.5,0.0,14.577037529568678,0.0,26.160581711637153,0.0,0.5,0.0,33.184896365233264,0.0
2420,10.0,0.0,0,0.0,0.5,0.0,14.577037529568678,0.0,26.160581711637153,0.0,0.5,0.0,33.184896365233264,0.0
2430,10.0,0.0,0,0.0,0.5,0.0,14.577037529568678,0.0,26.160581711637153,0.0,0.5,0.0,33.184896365233264,0.0
2440,10.0,0.0,0,0.0,0.5,0.0,14.577037529568678,0.0,26.160581711637153,0.0,0.5,0.0,33.184896365233264,0.0
2450,10.0,0.0,0,0.0,0.5,0.0,14.577037529568678,0.0,26.160581711637153,0.0,0.5,0.0,33.184896365233264,0.0
2460,10.0,0.0,0,0.0,0.5,0.0,14.577037529568678,0.0,26.160581711637153,0.0,0.5,0.0,33.184896365233264,0.0
2470,10.0,0.0,0,0.0,0.5,0.0,14.577037529568678,0.0,26.160581711637153,0.0,0.5,0.0,33.184896365233264,0.0
2480,10.0,0.0,0,0.0,0.5,0.0,14.577037529568678,0.0,26.160581711637153,0.0,0.5,0.0,33.184896365233264,0.0
2490,10.0,0.0,0,0.0,0.5,0.0,14.577037529568678,0.0,26.160581711637153,0.0,0.5,0.0,33.184896365233264,0.0
2500,10.0,0.0,0,0.0,0.5,0.0,14.577037529568678,0.0,26.160581711637153,0.0,0.5,0.0,33.184896365233264,0.0
2510,10.0,0.0,0,0.0,0.5,0.0,14.577037529568678,0.0,26.160581711637153,0.0,0.5,0.0,33.184896365233264,0.0
2520,10.0,0.0,0,0.0,0.5,0.0,14.577037529568678,0.0,26.160581711637153,0.0,0.5,0.0,33.184896365233264,0.0
2530,10.0,0.0,0,0.0,0.5,0.0,14.577037529568678,0.0,26.160581711637153,0.0,0.5,0.0,33.184896365233264,0.0
2540,10.0,0.0,0,0.0,0.5,0.0,14.577037529568678,0.0,26.160581711637153,0.0,0.5,0.0,33.184896365233264,0.0
2550,10.0,0.0,0,0.0,0.5,0.0,14.577037529568678,0.0,26.160581711637153,0.0,0.5,0.0,33.184896365233264,0.0
2560,10.0,0.0,0,0.0,0.5,0.0,14.577037529568678,0.0,26.160581711637153,0.0,0.5,0.0,33.184896365233264,0.0
2570,10.0,0.0,0,0.0,0.5,0.0,14.577037529568678,0.0,26.160581711637153,0.0,0.5,0.0,33.184896365233264,0.0
2580,10.0,0.0,0,0.0,0.5,0.0,14.577037529568678,0.0,26.160581711637153,0.0,0.5,0.0,33.184896365233264,0.0
2590,10.0,0.0,0,0.0,0.5,0.0,14.577037529568678,0.0,26.160581711637153,0.0,0.5,0.0,33.184896365233264,0.0
2600,10.0,0.0,0,0.0,0.5,0.0,14.577037529568678,0.0,26.160581711637153,0.0,0.5,0.0,33.184896365233264,0.0
2610,10.0,0.0,0,0.0,0.5,0.0,14.577037529568678,0.0,26.160581711637153,0.0,0.5,0.0,33.184896365233264,0.0
2620,10.0,0.0,0,0.0,0.5,0.0,14.577037529568678,0.0,26.160581711637153,0.0,0.5,0.0,33.184896365233264,0.0
2630,10.0,0.0,0,0.0,0.5,0.0,14.577037529568678,0.0,26.160581711637153,0.0,0.5,0.0,33.184896365233264,0.0
2640,10.0,0.0,0,0.0,0.5,0.0,14.577037529568678,0.0,26.160581711637153,0.0,0.5,0.0,33.184896365233264,0.0
2650,10.0,0.0,0,0.0,0.5,0.0,14.577037529568678,0.0,26.160581711637153,0.0,0.5,0.0,33.184896365233264,0.0
2660,10.0,0.0,0,0.0,0.5,0.0,14.577037529568678,0.0,26.160581711637153,0.0,0.5,0.0,33.184896365233264,0.0
2670,10.0,0.0,0,0.0,0.5,0.0,14.577037529568678,0.0,26.160581711637153,0.0,0.5,0.0,33.184896365233264,0.0
2680,10.0,0.0,0,0.0,0.5,0.0,14.577037529568678,0.0,26.160581711637153,0.0,0.5,0.0,33.184896365233264,0.0
2690,10.0,0.0,0,0.0,0.5,0.0,14.577037529568678,0.0,26.160581711637153,0.0,0.5,0.0,33.184896365233264,0.0
2700,10.0,0.0,0,0.0,0.5,0.0,14.577037529568678,0.0,26.160581711637153,0.0,0.5,0.0,33.184896365233264,0.0
2710,10.0,0.0,0,0.0,0.5,0.0,14.577037529568678,0.0,26.160581711637153,0.0,0.5,0.0,33.184896365233264,0.0
2720,10.0,0.0,0,0.0,0.5,0.0,14.577037529568678,0.0,26.160581711637153,0.0,0.5,0.0,33.184896365233264,0.0
2730,10.0,0.0,0,0.0,0.5,0.0,14.577037529568678,0.0,26.160581711637153,0.0,0.5,0.0,33.184896365233264,0.0
2740,10.0,0.0,0,0.0,0.5,0.0,14.577037529568678,0.0,26.160581711637153,0.0,0.5,0.0,33.184896365233264,0.0
2750,10.0,0.0,0,0.0,0.5,0.0,14.577037529568678,0.0,26.160581711637153,0.0,0.5,0.0,33.184896365233264,0.0
2760,10.0,0.0,0,0.0,0.5,0.0,14.577037529568678,0.0,26.160581711637153,0.0,0.5,0.0,33.184896365233264,0.0
2770,10.0,0.0,0,0.0,0.5,0.0,14.577037529568678,0.0,26.160581711637153,0.0,0.5,0.0,33.184896365233264,0.0
2780,10.0,0.0,0,0.0,0.5,0.0,14.577037529568678,0.0,26.160581711637153,0.0,0.5,0.0,33.184896365233264,0.0
2790,10.0,0.0,0,0.0,0.5,0.0,14.577037529568678,0.0,26.160581711637153,0.0,0.5,0.0,33.184896365233264,0.0
2800,10.0,0.0,0,0.0,0.5,0.0,14.577037529568678,0.0,26.160581711637153,0.0,0.5,0.0,33.184896365233264,0.0
2810,10.0,0.0,0,0.0,0.5,0.0,14.577037529568678,0.0,26.160581711637153,0.0,0.5,0.0,33.184896365233264,0.0
2820,10.0,0.0,0,0.0,0.5,0.0,14.577037529568678,0.0,26.160581711637153,0.0,0.5,0.0,33.184896365233264,0.0
2830,10.0,0.0,0,0.0,0.5,0.0,14.577037529568678,0.0,26.160581711637153,0.0,0.5,0.0,33.184896365233264,0.0
2840,10.0,0.0,0,0.0,0.5,0.0,14.577037529568678,0.0,26.160581711637153,0.0,0.5,0.0,33.184896365233264,0.0
2850,10.0,0.0,0,0.0,0.5,0.0,14.577037529568678,0.0,26.160581711637153,0.0,0.5,0.0,33.184896365233264,0.0
2860,10.0,0.0,0,0.0,0.5,0.0,14.577037529568678,0.0,26.160581711637153,0.0,0.5,0.0,33.184896365233264,0.0
2870,10.0,0.0,0,0.0,0.5,0.0,14.577037529568678,0.0,26.160581711637153,0.0,0.5,0.0,33.184896365233264,0.0
2880,10.0,0.0,0,0.0,0.5,0.0,14.577037529568678,0.0,26.160581711637153,0.0,0.5,0.0,33.184896365233264,0.0
2890,10.0,0.0,0,0.0,0.5,0.0,14.577037529568678,0.0,26.160581711637153,0.0,0.5,0.0,33.184896365233264,0.0
2900,10.0,0.0,0,0.0,0.5,0.0,14.577037529568678,0.0,26.160581711637153,0.0,0.5,0.0,33.184896365233264,0.0
2910,10.0,0.0,0,0.0,0.5,0.0,14.577037529568678,0.0,26.160581711637153,0.0,0.5,0.0,33.184896365233264,0.0
2920,10.0,0.0,0,0.0,0.5,0.0,14.577037529568678,0.0,26.160581711637153,0.0,0.5,0.0,33.184896365233264,0.0
2930,10.0,0.0,0,0.0,0.5,0.0,14.577037529568678,0.0,26.160581711637153,0.0,0.5,0.0,33.184896365233264,0.0
2940,10.0,0.0,0,0.0,0.5,0.0,14.577037529568678,0.0,26.160581711637153,0.0,0.5,0.0,33.184896365233264,0.0
2950,10.0,0.0,0,0.0,0.5,0.0,14.577037529568678,0.0,26.160581711637153,0.0,0.5,0.0,33.184896365233264,0.0
2960,10.0,0.0,0,0.0,0.5,0.0,14.577037529568678,0.0,26.160581711637153,0.0,0.5,0.0,33.184896365233264,0.0
2970,10.0,0.0,0,0.0,0.5,0.0,14.577037529568678,0.0,26.160581711637153,0.0,0.5,0.0,33.184896365233264,0.0
2980,10.0,0.0,0,0.0,0.5,0.0,14.577037529568678,0.0,26.160581711637153,0.0,0.5,0.0,33.184896365233264,0.0
2990,10.0,0.0,0,0.0,0.5,0.0,14.577037529568678,0.0,26.160581711637153,0.0,0.5,0.0,33.184896365233264,0.0
3000,10.0,0.0,0,0.0,0.5,0.0,14.577037529568678,0.0,26.160581711637153,0.0,0.5,0.0,33.184896365233264,0.0
3010,10.0,0.0,0,0.0,0.5,0.0,14.577037529568678,0.0,26.160581711637153,0.0,0.5,0.0,33.184896365233264,0.0
3020,10.0,0.0,0,0.0,0.5,0.0,14.577037529568678,0.0,26.160581711637153,0.0,0.5,0.0,33.184896365233264,0.0
3030,10.0,0.0,0,0.0,0.5,0.0,14.577037529568678,0.0,26.160581711637153,0.0,0.5,0.0,33.184896365233264,0.0
3040,10.0,0.0,0,0.0,0.5,0.0,14.577037529568678,0.0,26.160581711637153,0.0,0.5,0.0,33.184896365233264,0.0
3050,10.0,0.0,0,0.0,0.5,0.0,14.577037529568678,0.0,26.160581711637153,0.0,0.5,0.0,33.184896365233264,0.0
3060,10.0,0.0,0,0.0,0.5,0.0,14.577037529568678,0.0,26.160581711637153,0.0,0.5,0.0,33.184896365233264,0.0
3070,10.0,0.0,0,0.0,0.5,0.0,14.577037529568678,0.0,26.160581711637153,0.0,0.5,0.0,33.184896365233264,0.0
3080,10.0,0.0,0,0.0,0.5,0.0,14.577037529568678,0.0,26.160581711637153,0.0,0.5,0.0,33.184896365233264,0.0
3090,10.0,0.0,0,0.0,0.5,0.0,14.577037529568678,0.0,26.160581711637153,0.0,0.5,0.0,33.184896365233264,0.0
3100,10.0,0.0,0,0.0,0.5,0.0,14.577037529568678,0.0,26.160581711637153,0.0,0.5,0.0,33.184896365233264,0.0
3110,10.0,0.0,0,0.0,0.5,0.0,14.577037529568678,0.0,26.160581711637153,0.0,0.5,0.0,33.184896365233264,0.0
3120,10.0,0.0,0,0.0,0.5,0.0,14.577037529568678,0.0,26.160581711637153,0.0,0.5,0.0,33.184896365233264,0.0
3130,10.0,0.0,0,0.0,0.5,0.0,14.577037529568678,0.0,26.160581711637153,0.0,0.5,0.0,33.184896365233264,0.0
3140,10.0,0.0,0,0.0,0.5,0.0,14.577037529568678,0.0,26.160581711637153,0.0,0.5,0.0,33.184896365233264,0.0
3150,10.0,0.0,0,0.0,0.5,0.0,14.577037529568678,0.0,26.160581711637153,0.0,0.5,0.0,33.184896365233264,0.0
3160,10.0,0.0,0,0.0,0.5,0.0,14.577037529568678,0.0,26.160581711637153,0.0,0.5,0.0,33.184896365233264,0.0
3170,10.0,0.0,0,0.0,0.5,0.0,14.577037529568678,0.0,26.160581711637153,0.0,0.5,0.0,33.184896365233264,0.0
3180,10.0,0.0,0,0.0,0.5,0.0,14.577037529568678,0.0,26.160581711637153,0.0,0.5,0.0,33.184896365233264,0.0
3190,10.0,0.0,0,0.0,0.5,0.0,14.577037529568678,0.0,26.160581711637153,0.0,0.5,0.0,33.184896365233264,0.0
3200,10.0,0.0,0,0.0,0.5,0.0,14.577037529568678,0.0,26.160581711637153,0.0,0.5,0.0,33.184896365233264,0.0
3210,10.0,0.0,0,0.0,0.5,0.0,14.577037529568678,0.0,26.160581711637153,0.0,0.5,0.0,33.184896365233264,0.0
3220,10.0,0.0,0,0.0,0.5,0.0,14.577037529568678,0.0,26.160581711637153,0.0,0.5,0.0,33.184896365233264,0.0
3230,10.0,0.0,0,0.0,0.5,0.0,14.577037529568678,0.0,26.160581711637153,0.0,0.5,0.0,33.184896365233264,0.0
3240,10.0,0.0,0,0.0,0.5,0.0,14.577037529568678,0.0,26.160581711637153,0.0,0.5,0.0,33.184896365233264,0.0
3250,10.0,0.0,0,0.0,0.5,0.0,14.577037529568678,0.0,26.160581711637153,0.0,0.5,0.0,33.184896365233264,0.0
3260,10.0,0.0,0,0.0,0.5,0.0,14.577037529568678,0.0,26.160581711637153,0.0,0.5,0.0,33.184896365233264,0.0
3270,10.0,0.0,0,0.0,0.5,0.0,14.577037529568678,0.0,26.160581711637153,0.0,0.5,0.0,33.184896365233264,0.0
3280,10.0,0.0,0,0.0,0.5,0.0,14.577037529568678,0.0,26.160581711637153,0.0,0.5,0.0,33.184896365233264,0.0
3290,10.0,0.0,0,0.0,0.5,0.0,14.577037529568678,0.0,26.160581711637153,0.0,0.5,0.0,33.184896365233264,0.0
3300,10.0,0.0,0,0.0,0.5,0.0,14.577037529568678,0.0,26.160581711637153,0.0,0.5,0.0,33.184896365233264,0.0
3310,10.0,0.0,0,0.0,0.5,0.0,14.577037529568678,0.0,26.160581711637153,0.0,0.5,0.0,33.184896365233264,0.0
3320,10.0,0.0,0,0.0,0.5,0.0,14.577037529568678,0.0,26.160581711637153,0.0,0.5,0.0,33.184896365233264,0.0
3330,10.0,0.0,0,0.0,0.5,0.0,14.577037529568678,0.0,26.160581711637153,0.0,0.5,0.0,33.184896365233264,0.0
3340,10.0,0.0,0,0.0,0.5,0.0,14.577037529568678,0.0,26.160581711637153,0.0,0.5,0.0,33.184896365233264,0.0
3350,10.0,0.0,0,0.0,0.5,0.0,14.577037529568678,0.0,26.160581711637153,0.0,0.5,0.0,33.184896365233264,0.0
3360,10.0,0.0,0,0.0,0.5,0.0,14.577037529568678,0.0,26.160581711637153,0.0,0.5,0.0,33.184896365233264,0.0
3370,10.0,0.0,0,0.0,0.5,0.0,14.577037529568678,0.0,26.160581711637153,0.0,0.5,0.0,33.184896365233264,0.0
3380,10.0,0.0,0,0.0,0.5,0.0,14.577037529568678,0.0,26.160581711637153,0.0,0.5,0.0,33.184896365233264,0.0
3390,10.0,0.0,0,0.0,0.5,0.0,14.577037529568678,0.0,26.160581711637153,0.0,0.5,0.0,33.184896365233264,0.0
3400,10.0,0.0,0,0.0,0.5,0.0,14.577037529568678,0.0,26.160581711637153,0.0,0.5,0.0,33.184896365233264,0.0
3410,10.0,0.0,0,0.0,0.5,0.0,14.577037529568678,0.0,26.160581711637153,0.0,0.5,0.0,33.184896365233264,0.0
3420,10.0,0.0,0,0.0,0.5,0.0,14.577037529568678,0.0,26.160581711637153,0.0,0.5,0.0,33.184896365233264,0.0
3430,10.0,0.0,0,0.0,0.5,0.0,14.577037529568678,0.0,26.160581711637153,0.0,0.5,0.0,33.184896365233264,0.0
3440,10.0,0.0,0,0.0,0.5,0.0,14.577037529568678,0.0,26.160581711637153,0.0,0.5,0.0,33.184896365233264,0.0
3450,10.0,0.0,0,0.0,0.5,0.0,14.577037529568678,0.0,26.160581711637153,0.0,0.5,0.0,33.184896365233264,0.0
3460,10.0,0.0,0,0.0,0.5,0.0,14.577037529568678,0.0,26.160581711637153,0.0,0.5,0.0,33.184896365233264,0.0
3470,10.0,0.0,0,0.0,0.5,0.0,14.577037529568678,0.0,26.160581711637153,0.0,0.5,0.0,33.184896365233264,0.0
3480,10.0,0.0,0,0.0,0.5,0.0,14.577037529568678,0.0,26.160581711637153,0.0,0.5,0.0,33.184896365233264,0.0
3490,10.0,0.0,0,0.0,0.5,0.0,14.577037529568678,0.0,26.160581711637153,0.0,0.5,0.0,33.184896365233264,0.0
3500,10.0,0.0,0,0.0,0.5,0.0,14.577037529568678,0.0,26.160581711637153,0.0,0.5,0.0,33.184896365233264,0.0
3510,10.0,0.0,0,0.0,0.5,0.0,14.577037529568678,0.0,26.160581711637153,0.0,0.5,0.0,33.184896365233264,0.0
3520,10.0,0.0,0,0.0,0.5,0.0,14.577037529568678,0.0,26.160581711637153,0.0,0.5,0.0,33.184896365233264,0.0
3530,10.0,0.0,0,0.0,0.5,0.0,14.577037529568678,0.0,26.160581711637153,0.0,0.5,0.0,33.184896365233264,0.0
3540,10.0,0.0,0,0.0,0.5,0.0,14.577037529568678,0.0,26.160581711637153,0.0,0.5,0.0,33.184896365233264,0.0
3550,10.0,0.0,0,0.0,0.5,0.0,14.577037529568678,0.0,26.160581711637153,0.0,0.5,0.0,33.184896365233264,0.0
3560,10.0,0.0,0,0.0,0.5,0.0,14.577037529568678,0.0,26.160581711637153,0.0,0.5,0.0,33.184896365233264,0.0
3570,10.0,0.0,0,0.0,0.5,0.0,14.577037529568678,0.0,26.160581711637153,0.0,0.5,0.0,33.184896365233264,0.0
3580,10.0,0.0,0,0.0,0.5,0.0,14.577037529568678,0.0,26.160581711637153,0.0,0.5,0.0,33.184896365233264,0.0
3590,10.0,0.0,0,0.0,0.5,0.0,14.577037529568678,0.0,26.160581711637153,0.0,0.5,0.0,33.184896365233264,0.0
3600,10.0,0.0,0,0.0,0.5,0.0,14.577037529568678,0.0,26.160581711637153,0.0,0.5,0.0,33.184896365233264,0.0
3610,10.0,0.0,0,0.0,0.5,0.0,14.577037529568678,0.0,26.160581711637153,0.0,0.5,0.0,33.184896365233264,0.0
3620,10.0,0.0,0,0.0,0.5,0.0,14.577037529568678,0.0,26.160581711637153,0.0,0.5,0.0,33.184896365233264,0.0
3630,10.0,0.0,0,0.0,0.5,0.0,14.577037529568678,0.0,26.160581711637153,0.0,0.5,0.0,33.184896365233264,0.0
3640,10.0,0.0,0,0.0,0.5,0.0,14.577037529568678,0.0,26.160581711637153,0.0,0.5,0.0,33.184896365233264,0.0
3650,10.0,0.0,0,0.0,0.5,0.0,14.577037529568678,0.0,26.160581711637153,0.0,0.5,0.0,33.184896365233264,0.0
3660,10.0,0.0,0,0.0,0.5,0.0,14.577037529568678,0.0,26.160581711637153,0.0,0.5,0.0,33.184896365233264,0.0
3670,10.0,0.0,0,0.0,0.5,0.0,14.577037529568678,0.0,26.160581711637153,0.0,0.5,0.0,33.184896365233264,0.0
3680,10.0,0.0,0,0.0,0.5,0.0,14.577037529568678,0.0,26.160581711637153,0.0,0.5,0.0,33.184896365233264,0.0
3690,10.0,0.0,0,0.0,0.5,0.0,14.577037529568678,0.0,26.160581711637153,0.0,0.5,0.0,33.184896365233264,0.0
3700,10.0,0.0,0,0.0,0.5,0.0,14.577037529568678,0.0,26.160581711637153,0.0,0.5,0.0,33.184896365233264,0.0
3710,10.0,0.0,0,0.0,0.5,0.0,14.577037529568678,0.0,26.160581711637153,0.0,0.5,0.0,33.184896365233264,0.0
3720,10.0,0.0,0,0.0,0.5,0.0,14.577037529568678,0.0,26.160581711637153,0.0,0.5,0.0,33.184896365233264,0.0
3730,10.0,0.0,0,0.0,0.5,0.0,14.577037529568678,0.0,26.160581711637153,0.0,0.5,0.0,33.184896365233264,0.0
3740,10.0,0.0,0,0.0,0.5,0.0,14.577037529568678,0.0,26.160581711637153,0.0,0.5,0.0,33.184896365233264,0.0
3750,10.0,0.0,0,0.0,0.5,0.0,14.577037529568678,0.0,26.160581711637153,0.0,0.5,0.0,33.184896365233264,0.0
3760,10.0,0.0,0,0.0,0.5,0.0,14.577037529568678,0.0,26.160581711637153,0.0,0.5,0.0,33.184896365233264,0.0
3770,10.0,0.0,0,0.0,0.5,0.0,14.577037529568678,0.0,26.160581711637153,0.0,0.5,0.0,33.184896365233264,0.0
3780,10.0,0.0,0,0.0,0.5,0.0,14.577037529568678,0.0,26.160581711637153,0.0,0.5,0.0,33.184896365233264,0.0
3790,10.0,0.0,0,0.0,0.5,0.0,14.577037529568678,0.0,26.160581711637153,0.0,0.5,0.0,33.184896365233264,0.0
3800,10.0,0.0,0,0.0,0.5,0.0,14.577037529568678,0.0,26.160581711637153,0.0,0.5,0.0,33.184896365233264,0.0
3810,10.0,0.0,0,0.0,0.5,0.0,14.577037529568678,0.0,26.160581711637153,0.0,0.5,0.0,33.184896365233264,0.0
3820,10.0,0.0,0,0.0,0.5,0.0,14.577037529568678,0.0,26.160581711637153,0.0,0.5,0.0,33.184896365233264,0.0
3830,10.0,0.0,0,0.0,0.5,0.0,14.577037529568678,0.0,26.160581711637153,0.0,0.5,0.0,33.184896365233264,0.0
3840,10.0,0.0,0,0.0,0.5,0.0,14.577037529568678,0.0,26.160581711637153,0.0,0.5,0.0,33.184896365233264,0.0
3850,10.0,0.0,0,0.0,0.5,0.0,14.577037529568678,0.0,26.160581711637153,0.0,0.5,0.0,33.184896365233264,0.0
3860,10.0,0.0,0,0.0,0.5,0.0,14.577037529568678,0.0,26.160581711637153,0.0,0.5,0.0,33.184896365233264,0.0
3870,10.0,0.0,0,0.0,0.5,0.0,14.577037529568678,0.0,26.160581711637153,0.0,0.5,0.0,33.184896365233264,0.0
3880,10.0,0.0,0,0.0,0.5,0.0,14.577037529568678,0.0,26.160581711637153,0.0,0.5,0.0,33.184896365233264,0.0
3890,10.0,0.0,0,0.0,0.5,0.0,14.577037529568678,0.0,26.160581711637153,0.0,0.5,0.0,33.184896365233264,0.0
3900,10.0,0.0,0,0.0,0.5,0.0,14.577037529568678,0.0,26.160581711637153,0.0,0.5,0.0,33.184896365233264,0.0
3910,10.0,0.0,0,0.0,0.5,0.0,14.577037529568678,0.0,26.160581711637153,0.0,0.5,0.0,33.184896365233264,0.0
3920,10.0,0.0,0,0.0,0.5,0.0,14.577037529568678,0.0,26.160581711637153,0.0,0.5,0.0,33.184896365233264,0.0
3930,10.0,0.0,0,0.0,0.5,0.0,14.577037529568678,0.0,26.160581711637153,0.0,0.5,0.0,33.184896365233264,0.0
3940,10.0,0.0,0,0.0,0.5,0.0,14.577037529568678,0.0,26.160581711637153,0.0,0.5,0.0,33.184896365233264,0.0
3950,10.0,0.0,0,0.0,0.5,0.0,14.577037529568678,0.0,26.160581711637153,0.0,0.5,0.0,33.184896365233264,0.0
3960,10.0,0.0,0,0.0,0.5,0.0,14.577037529568678,0.0,26.160581711637153,0.0,0.5,0.0,33.184896365233264,0.0
3970,10.0,0.0,0,0.0,0.5,0.0,14.577037529568678,0.0,26.160581711637153,0.0,0.5,0.0,33.184896365233264,0.0
3980,10.0,0.0,0,0.0,0.5,0.0,14.577037529568678,0.0,26.160581711637153,0.0,0.5,0.0,33.184896365233264,0.0
3990,10.0,0.0,0,0.0,0.5,0.0,14.577037529568678,0.0,26.160581711637153,0.0,0.5,0.0,33.184896365233264,0.0
4000,10.0,0.0,0,0.0,0.5,0.0,14.577037529568678,0.0,26.160581711637153,0.0,0.5,0.0,33.184896365233264,0.0
4010,10.0,0.0,0,0.0,0.5,0.0,14.577037529568678,0.0,26.160581711637153,0.0,0.5,0.0,33.184896365233264,0.0
4020,10.0,0.0,0,0.0,0.5,0.0,14.577037529568678,0.0,26.160581711637153,0.0,0.5,0.0,33.184896365233264,0.0
4030,10.0,0.0,0,0.0,0.5,0.0,14.577037529568678,0.0,26.160581711637153,0.0,0.5,0.0,33.184896365233264,0.0
4040,10.0,0.0,0,0.0,0.5,0.0,14.577037529568678,0.0,26.160581711637153,0.0,0.5,0.0,33.184896365233264,0.0
4050,10.0,0.0,0,0.0,0.5,0.0,14.577037529568678,0.0,26.160581711637153,0.0,0.5,0.0,33.184896365233264,0.0
4060,10.0,0.0,0,0.0,0.5,0.0,14.577037529568678,0.0,26.160581711637153,0.0,0.5,0.0,33.184896365233264,0.0
4070,10.0,0.0,0,0.0,0.5,0.0,14.577037529568678,0.0,26.160581711637153,0.0,0.5,0.0,33.184896365233264,0.0
4080,10.0,0.0,0,0.0,0.5,0.0,14.577037529568678,0.0,26.160581711637153,0.0,0.5,0.0,33.184896365233264,0.0
4090,10.0,0.0,0,0.0,0.5,0.0,14.577037529568678,0.0,26.160581711637153,0.0,0.5,0.0,33.184896365233264,0.0
4100,10.0,0.0,0,0.0,0.5,0.0,14.577037529568678,0.0,26.160581711637153,0.0,0.5,0.0,33.184896365233264,0.0
4110,10.0,0.0,0,0.0,0.5,0.0,14.577037529568678,0.0,26.160581711637153,0.0,0.5,0.0,33.184896365233264,0.0
4120,10.0,0.0,0,0.0,0.5,0.0,14.577037529568678,0.0,26.160581711637153,0.0,0.5,0.0,33.184896365233264,0.0
4130,10.0,0.0,0,0.0,0.5,0.0,14.577037529568678,0.0,26.160581711637153,0.0,0.5,0.0,33.184896365233264,0.0
4140,10.0,0.0,0,0.0,0.5,0.0,14.577037529568678,0.0,26.160581711637153,0.0,0.5,0.0,33.184896365233264,0.0
4150,10.0,0.0,0,0.0,0.5,0.0,14.577037529568678,0.0,26.160581711637153,0.0,0.5,0.0,33.184896365233264,0.0
4160,10.0,0.0,0,0.0,0.5,0.0,14.577037529568678,0.0,26.160581711637153,0.0,0.5,0.0,33.184896365233264,0.0
4170,10.0,0.0,0,0.0,0.5,0.0,14.577037529568678,0.0,26.160581711637153,0.0,0.5,0.0,33.184896365233264,0.0
4180,10.0,0.0,0,0.0,0.5,0.0,14.577037529568678,0.0,26.160581711637153,0.0,0.5,0.0,33.184896365233264,0.0
4190,10.0,0.0,0,0.0,0.5,0.0,14.577037529568678,0.0,26.160581711637153,0.0,0.5,0.0,33.184896365233264,0.0
4200,10.0,0.0,0,0.0,0.5,0.0,14.577037529568678,0.0,26.160581711637153,0.0,0.5,0.0,33.184896365233264,0.0
4210,10.0,0.0,0,0.0,0.5,0.0,14.577037529568678,0.0,26.160581711637153,0.0,0.5,0.0,33.184896365233264,0.0
4220,10.0,0.0,0,0.0,0.5,0.0,14.577037529568678,0.0,26.160581711637153,0.0,0.5,0.0,33.184896365233264,0.0
4230,10.0,0.0,0,0.0,0.5,0.0,14.577037529568678,0.0,26.160581711637153,0.0,0.5,0.0,33.184896365233264,0.0
4240,10.0,0.0,0,0.0,0.5,0.0,14.577037529568678,0.0,26.160581711637153,0.0,0.5,0.0,33.184896365233264,0.0
4250,10.0,0.0,0,0.0,0.5,0.0,14.577037529568678,0.0,26.160581711637153,0.0,0.5,0.0,33.184896365233264,0.0
4260,10.0,0.0,0,0.0,0.5,0.0,14.577037529568678,0.0,26.160581711637153,0.0,0.5,0.0,33.184896365233264,0.0
4270,10.0,0.0,0,0.0,0.5,0.0,14.577037529568678,0.0,26.160581711637153,0.0,0.5,0.0,33.184896365233264,0.0
4280,10.0,0.0,0,0.0,0.5,0.0,14.577037529568678,0.0,26.160581711637153,0.0,0.5,0.0,33.184896365233264,0.0
4290,10.0,0.0,0,0.0,0.5,0.0,14.577037529568678,0.0,26.160581711637153,0.0,0.5,0.0,33.184896365233264,0.0
4300,10.0,0.0,0,0.0,0.5,0.0,14.577037529568678,0.0,26.160581711637153,0.0,0.5,0.0,33.184896365233264,0.0
4310,10.0,0.0,0,0.0,0.5,0.0,14.577037529568678,0.0,26.160581711637153,0.0,0.5,0.0,33.184896365233264,0.0
4320,10.0,0.0,0,0.0,0.5,0.0,14.577037529568678,0.0,26.160581711637153,0.0,0.5,0.0,33.184896365233264,0.0
4330,10.0,0.0,0,0.0,0.5,0.0,14.577037529568678,0.0,26.160581711637153,0.0,0.5,0.0,33.184896365233264,0.0
4340,10.0,0.0,0,0.0,0.5,0.0,14.577037529568678,0.0,26.160581711637153,0.0,0.5,0.0,33.184896365233264,0.0
4350,10.0,0.0,0,0.0,0.5,0.0,14.577037529568678,0.0,26.160581711637153,0.0,0.5,0.0,33.184896365233264,0.0
4360,10.0,0.0,0,0.0,0.5,0.0,14.577037529568678,0.0,26.160581711637153,0.0,0.5,0.0,33.184896365233264,0.0
4370,10.0,0.0,0,0.0,0.5,0.0,14.577037529568678,0.0,26.160581711637153,0.0,0.5,0.0,33.184896365233264,0.0
4380,10.0,0.0,0,0.0,0.5,0.0,14.577037529568678,0.0,26.160581711637153,0.0,0.5,0.0,33.184896365233264,0.0
4390,10.0,0.0,0,0.0,0.5,0.0,14.577037529568678,0.0,26.160581711637153,0.0,0.5,0.0,33.184896365233264,0.0
4400,10.0,0.0,0,0.0,0.5,0.0,14.577037529568678,0.0,26.160581711637153,0.0,0.5,0.0,33.184896365233264,0.0
4410,10.0,0.0,0,0.0,0.5,0.0,14.577037529568678,0.0,26.160581711637153,0.0,0.5,0.0,33.184896365233264,0.0
4420,10.0,0.0,0,0.0,0.5,0.0,14.577037529568678,0.0,26.160581711637153,0.0,0.5,0.0,33.184896365233264,0.0
4430,10.0,0.0,0,0.0,0.5,0.0,14.577037529568678,0.0,26.160581711637153,0.0,0.5,0.0,33.184896365233264,0.0
4440,10.0,0.0,0,0.0,0.5,0.0,14.577037529568678,0.0,26.160581711637153,0.0,0.5,0.0,33.184896365233264,0.0
4450,10.0,0.0,0,0.0,0.5,0.0,14.577037529568678,0.0,26.160581711637153,0.0,0.5,0.0,33.184896365233264,0.0
4460,10.0,0.0,0,0.0,0.5,0.0,14.577037529568678,0.0,26.160581711637153,0.0,0.5,0.0,33.184896365233264,0.0
4470,10.0,0.0,0,0.0,0.5,0.0,14.577037529568678,0.0,26.160581711637153,0.0,0.5,0.0,33.184896365233264,0.0
4480,10.0,0.0,0,0.0,0.5,0.0,14.577037529568678,0.0,26.160581711637153,0.0,0.5,0.0,33.184896365233264,0.0
4490,10.0,0.0,0,0.0,0.5,0.0,14.577037529568678,0.0,26.160581711637153,0.0,0.5,0.0,33.184896365233264,0.0
4500,10.0,0.0,0,0.0,0.5,0.0,14.577037529568678,0.0,26.160581711637153,0.0,0.5,0.0,33.184896365233264,0.0
4510,10.0,0.0,0,0.0,0.5,0.0,14.577037529568678,0.0,26.160581711637153,0.0,0.5,0.0,33.184896365233264,0.0
4520,10.0,0.0,0,0.0,0.5,0.0,14.577037529568678,0.0,26.160581711637153,0.0,0.5,0.0,33.184896365233264,0.0
4530,10.0,0.0,0,0.0,0.5,0.0,14.577037529568678,0.0,26.160581711637153,0.0,0.5,0.0,33.184896365233264,0.0
4540,10.0,0.0,0,0.0,0.5,0.0,14.577037529568678,0.0,26.160581711637153,0.0,0.5,0.0,33.184896365233264,0.0
4550,10.0,0.0,0,0.0,0.5,0.0,14.577037529568678,0.0,26.160581711637153,0.0,0.5,0.0,33.184896365233264,0.0
4560,10.0,0.0,0,0.0,0.5,0.0,14.577037529568678,0.0,26.160581711637153,0.0,0.5,0.0,33.184896365233264,0.0
4570,10.0,0.0,0,0.0,0.5,0.0,14.577037529568678,0.0,26.160581711637153,0.0,0.5,0.0,33.184896365233264,0.0
4580,10.0,0.0,0,0.0,0.5,0.0,14.577037529568678,0.0,26.160581711637153,0.0,0.5,0.0,33.184896365233264,0.0
4590,10.0,0.0,0,0.0,0.5,0.0,14.577037529568678,0.0,26.160581711637153,0.0,0.5,0.0,33.184896365233264,0.0
4600,10.0,0.0,0,0.0,0.5,0.0,14.577037529568678,0.0,26.160581711637153,0.0,0.5,0.0,33.184896365233264,0.0
4610,10.0,0.0,0,0.0,0.5,0.0,14.577037529568678,0.0,26.160581711637153,0.0,0.5,0.0,33.184896365233264,0.0
4620,10.0,0.0,0,0.0,0.5,0.0,14.577037529568678,0.0,26.160581711637153,0.0,0.5,0.0,33.184896365233264,0.0
4630,10.0,0.0,0,0.0,0.5,0.0,14.577037529568678,0.0,26.160581711637153,0.0,0.5,0.0,33.184896365233264,0.0
4640,10.0,0.0,0,0.0,0.5,0.0,14.577037529568678,0.0,26.160581711637153,0.0,0.5,0.0,33.184896365233264,0.0
4650,10.0,0.0,0,0.0,0.5,0.0,14.577037529568678,0.0,26.160581711637153,0.0,0.5,0.0,33.184896365233264,0.0
4660,10.0,0.0,0,0.0,0.5,0.0,14.577037529568678,0.0,26.160581711637153,0.0,0.5,0.0,33.184896365233264,0.0
4670,10.0,0.0,0,0.0,0.5,0.0,14.577037529568678,0.0,26.160581711637153,0.0,0.5,0.0,33.184896365233264,0.0
4680,10.0,0.0,0,0.0,0.5,0.0,14.577037529568678,0.0,26.160581711637153,0.0,0.5,0.0,33.184896365233264,0.0
4690,10.0,0.0,0,0.0,0.5,0.0,14.577037529568678,0.0,26.160581711637153,0.0,0.5,0.0,33.184896365233264,0.0
4700,10.0,0.0,0,0.0,0.5,0.0,14.577037529568678,0.0,26.160581711637153,0.0,0.5,0.0,33.184896365233264,0.0
4710,10.0,0.0,0,0.0,0.5,0.0,14.577037529568678,0.0,26.160581711637153,0.0,0.5,0.0,33.184896365233264,0.0
4720,10.0,0.0,0,0.0,0.5,0.0,14.577037529568678,0.0,26.160581711637153,0.0,0.5,0.0,33.184896365233264,0.0
4730,10.0,0.0,0,0.0,0.5,0.0,14.577037529568678,0.0,26.160581711637153,0.0,0.5,0.0,33.184896365233264,0.0
4740,10.0,0.0,0,0.0,0.5,0.0,14.577037529568678,0.0,26.160581711637153,0.0,0.5,0.0,33.184896365233264,0.0
4750,10.0,0.0,0,0.0,0.5,0.0,14.577037529568678,0.0,26.160581711637153,0.0,0.5,0.0,33.184896365233264,0.0
4760,10.0,0.0,0,0.0,0.5,0.0,14.577037529568678,0.0,26.160581711637153,0.0,0.5,0.0,33.184896365233264,0.0
4770,10.0,0.0,0,0.0,0.5,0.0,14.577037529568678,0.0,26.160581711637153,0.0,0.5,0.0,33.184896365233264,0.0
4780,10.0,0.0,0,0.0,0.5,0.0,14.577037529568678,0.0,26.160581711637153,0.0,0.5,0.0,33.184896365233264,0.0
4790,10.0,0.0,0,0.0,0.5,0.0,14.577037529568678,0.0,26.160581711637153,0.0,0.5,0.0,33.184896365233264,0.0
4800,10.0,0.0,0,0.0,0.5,0.0,14.577037529568678,0.0,26.160581711637153,0.0,0.5,0.0,33.184896365233264,0.0
4810,10.0,0.0,0,0.0,0.5,0.0,14.577037529568678,0.0,26.160581711637153,0.0,0.5,0.0,33.184896365233264,0.0
4820,10.0,0.0,0,0.0,0.5,0.0,14.577037529568678,0.0,26.160581711637153,0.0,0.5,0.0,33.184896365233264,0.0
4830,10.0,0.0,0,0.0,0.5,0.0,14.577037529568678,0.0,26.160581711637153,0.0,0.5,0.0,33.184896365233264,0.0
4840,10.0,0.0,0,0.0,0.5,0.0,14.577037529568678,0.0,26.160581711637153,0.0,0.5,0.0,33.184896365233264,0.0
4850,10.0,0.0,0,0.0,0.5,0.0,14.577037529568678,0.0,26.160581711637153,0.0,0.5,0.0,33.184896365233264,0.0
4860,10.0,0.0,0,0.0,0.5,0.0,14.577037529568678,0.0,26.160581711637153,0.0,0.5,0.0,33.184896365233264,0.0
4870,10.0,0.0,0,0.0,0.5,0.0,14.577037529568678,0.0,26.160581711637153,0.0,0.5,0.0,33.184896365233264,0.0
4880,10.0,0.0,0,0.0,0.5,0.0,14.577037529568678,0.0,26.160581711637153,0.0,0.5,0.0,33.184896365233264,0.0
4890,10.0,0.0,0,0.0,0.5,0.0,14.577037529568678,0.0,26.160581711637153,0.0,0.5,0.0,33.184896365233264,0.0
4900,10.0,0.0,0,0.0,0.5,0.0,14.577037529568678,0.0,26.160581711637153,0.0,0.5,0.0,33.184896365233264,0.0
4910,10.0,0.0,0,0.0,0.5,0.0,14.577037529568678,0.0,26.160581711637153,0.0,0.5,0.0,33.184896365233264,0.0
4920,10.0,0.0,0,0.0,0.5,0.0,14.577037529568678,0.0,26.160581711637153,0.0,0.5,0.0,33.184896365233264,0.0
4930,10.0,0.0,0,0.0,0.5,0.0,14.577037529568678,0.0,26.160581711637153,0.0,0.5,0.0,33.184896365233264,0.0
4940,10.0,0.0,0,0.0,0.5,0.0,14.577037529568678,0.0,26.160581711637153,0.0,0.5,0.0,33.184896365233264,0.0
4950,10.0,0.0,0,0.0,0.5,0.0,14.577037529568678,0.0,26.160581711637153,0.0,0.5,0.0,33.184896365233264,0.0
4960,10.0,0.0,0,0.0,0.5,0.0,14.577037529568678,0.0,26.160581711637153,0.0,0.5,0.0,33.184896365233264,0.0
4970,10.0,0.0,0,0.0,0.5,0.0,14.577037529568678,0.0,26.160581711637153,0.0,0.5,0.0,33.184896365233264,0.0
4980,10.0,0.0,0,0.0,0.5,0.0,14.577037529568678,0.0,26.160581711637153,0.0,0.5,0.0,33.184896365233264,0.0
4990,10.0,0.0,0,0.0,0.5,0.0,14.577037529568678,0.0,26.160581711637153,0.0,0.5,0.0,33.184896365233264,0.0
5000,10.0,0.0,0,0.0,0.5,0.0,14.577037529568678,0.0,26.160581711637153,0.0,0.5,0.0,33.184896365233264,0.0
5010,10.0,0.0,0,0.0,0.5,0.0,14.577037529568678,0.0,26.160581711637153,0.0,0.5,0.0,33.184896365233264,0.0
5020,10.0,0.0,0,0.0,0.5,0.0,14.577037529568678,0.0,26.160581711637153,0.0,0.5,0.0,33.184896365233264,0.0
5030,10.0,0.0,0,0.0,0.5,0.0,14.577037529568678,0.0,26.160581711637153,0.0,0.5,0.0,33.184896365233264,0.0
5040,10.0,0.0,0,0.0,0.5,0.0,14.577037529568678,0.0,26.160581711637153,0.0,0.5,0.0,33.184896365233264,0.0
5050,10.0,0.0,0,0.0,0.5,0.0,14.577037529568678,0.0,26.160581711637153,0.0,0.5,0.0,33.184896365233264,0.0
5060,10.0,0.0,0,0.0,0.5,0.0,14.577037529568678,0.0,26.160581711637153,0.0,0.5,0.0,33.184896365233264,0.0
5070,10.0,0.0,0,0.0,0.5,0.0,14.577037529568678,0.0,26.160581711637153,0.0,0.5,0.0,33.184896365233264,0.0
5080,10.0,0.0,0,0.0,0.5,0.0,14.577037529568678,0.0,26.160581711637153,0.0,0.5,0.0,33.184896365233264,0.0
5090,10.0,0.0,0,0.0,0.5,0.0,14.577037529568678,0.0,26.160581711637153,0.0,0.5,0.0,33.184896365233264,0.0
5100,10.0,0.0,0,0.0,0.5,0.0,14.577037529568678,0.0,26.160581711637153,0.0,0.5,0.0,33.184896365233264,0.0
5110,10.0,0.0,0,0.0,0.5,0.0,14.577037529568678,0.0,26.160581711637153,0.0,0.5,0.0,33.184896365233264,0.0
5120,10.0,0.0,0,0.0,0.5,0.0,14.577037529568678,0.0,26.160581711637153,0.0,0.5,0.0,33.184896365233264,0.0
5130,10.0,0.0,0,0.0,0.5,0.0,14.577037529568678,0.0,26.160581711637153,0.0,0.5,0.0,33.184896365233264,0.0
5140,10.0,0.0,0,0.0,0.5,0.0,14.577037529568678,0.0,26.160581711637153,0.0,0.5,0.0,33.184896365233264,0.0
5150,10.0,0.0,0,0.0,0.5,0.0,14.577037529568678,0.0,26.160581711637153,0.0,0.5,0.0,33.184896365233264,0.0
5160,10.0,0.0,0,0.0,0.5,0.0,14.577037529568678,0.0,26.160581711637153,0.0,0.5,0.0,33.184896365233264,0.0
5170,10.0,0.0,0,0.0,0.5,0.0,14.577037529568678,0.0,26.160581711637153,0.0,0.5,0.0,33.184896365233264,0.0
5180,10.0,0.0,0,0.0,0.5,0.0,14.577037529568678,0.0,26.160581711637153,0.0,0.5,0.0,33.184896365233264,0.0
5190,10.0,0.0,0,0.0,0.5,0.0,14.577037529568678,0.0,26.160581711637153,0.0,0.5,0.0,33.184896365233264,0.0
5200,10.0,0.0,0,0.0,0.5,0.0,14.577037529568678,0.0,26.160581711637153,0.0,0.5,0.0,33.184896365233264,0.0
5210,10.0,0.0,0,0.0,0.5,0.0,14.577037529568678,0.0,26.160581711637153,0.0,0.5,0.0,33.184896365233264,0.0
5220,10.0,0.0,0,0.0,0.5,0.0,14.577037529568678,0.0,26.160581711637153,0.0,0.5,0.0,33.184896365233264,0.0
5230,10.0,0.0,0,0.0,0.5,0.0,14.577037529568678,0.0,26.160581711637153,0.0,0.5,0.0,33.184896365233264,0.0
5240,10.0,0.0,0,0.0,0.5,0.0,14.577037529568678,0.0,26.160581711637153,0.0,0.5,0.0,33.184896365233264,0.0
5250,10.0,0.0,0,0.0,0.5,0.0,14.577037529568678,0.0,26.160581711637153,0.0,0.5,0.0,33.184896365233264,0.0
5260,10.0,0.0,0,0.0,0.5,0.0,14.577037529568678,0.0,26.160581711637153,0.0,0.5,0.0,33.184896365233264,0.0
5270,10.0,0.0,0,0.0,0.5,0.0,14.577037529568678,0.0,26.160581711637153,0.0,0.5,0.0,33.184896365233264,0.0
5280,10.0,0.0,0,0.0,0.5,0.0,14.577037529568678,0.0,26.160581711637153,0.0,0.5,0.0,33.184896365233264,0.0
5290,10.0,0.0,0,0.0,0.5,0.0,14.577037529568678,0.0,26.160581711637153,0.0,0.5,0.0,33.184896365233264,0.0
5300,10.0,0.0,0,0.0,0.5,0.0,14.577037529568678,0.0,26.160581711637153,0.0,0.5,0.0,33.184896365233264,0.0
5310,10.0,0.0,0,0.0,0.5,0.0,14.577037529568678,0.0,26.160581711637153,0.0,0.5,0.0,33.184896365233264,0.0
5320,10.0,0.0,0,0.0,0.5,0.0,14.577037529568678,0.0,26.160581711637153,0.0,0.5,0.0,33.184896365233264,0.0
5330,10.0,0.0,0,0.0,0.5,0.0,14.577037529568678,0.0,26.160581711637153,0.0,0.5,0.0,33.184896365233264,0.0
5340,10.0,0.0,0,0.0,0.5,0.0,14.577037529568678,0.0,26.160581711637153,0.0,0.5,0.0,33.184896365233264,0.0
5350,10.0,0.0,0,0.0,0.5,0.0,14.577037529568678,0.0,26.160581711637153,0.0,0.5,0.0,33.184896365233264,0.0
5360,10.0,0.0,0,0.0,0.5,0.0,14.577037529568678,0.0,26.160581711637153,0.0,0.5,0.0,33.184896365233264,0.0
5370,10.0,0.0,0,0.0,0.5,0.0,14.577037529568678,0.0,26.160581711637153,0.0,0.5,0.0,33.184896365233264,0.0
5380,10.0,0.0,0,0.0,0.5,0.0,14.577037529568678,0.0,26.160581711637153,0.0,0.5,0.0,33.184896365233264,0.0
5390,10.0,0.0,0,0.0,0.5,0.0,14.577037529568678,0.0,26.160581711637153,0.0,0.5,0.0,33.184896365233264,0.0
5400,10.0,0.0,0,0.0,0.5,0.0,14.577037529568678,0.0,26.160581711637153,0.0,0.5,0.0,33.184896365233264,0.0
5410,10.0,0.0,0,0.0,0.5,0.0,14.577037529568678,0.0,26.160581711637153,0.0,0.5,0.0,33.184896365233264,0.0
5420,10.0,0.0,0,0.0,0.5,0.0,14.577037529568678,0.0,26.160581711637153,0.0,0.5,0.0,33.184896365233264,0.0
5430,10.0,0.0,0,0.0,0.5,0.0,14.577037529568678,0.0,26.160581711637153,0.0,0.5,0.0,33.184896365233264,0.0
5440,10.0,0.0,0,0.0,0.5,0.0,14.577037529568678,0.0,26.160581711637153,0.0,0.5,0.0,33.184896365233264,0.0
5450,10.0,0.0,0,0.0,0.5,0.0,14.577037529568678,0.0,26.160581711637153,0.0,0.5,0.0,33.184896365233264,0.0
5460,10.0,0.0,0,0.0,0.5,0.0,14.577037529568678,0.0,26.160581711637153,0.0,0.5,0.0,33.184896365233264,0.0
5470,10.0,0.0,0,0.0,0.5,0.0,14.577037529568678,0.0,26.160581711637153,0.0,0.5,0.0,33.184896365233264,0.0
5480,10.0,0.0,0,0.0,0.5,0.0,14.577037529568678,0.0,26.160581711637153,0.0,0.5,0.0,33.184896365233264,0.0
5490,10.0,0.0,0,0.0,0.5,0.0,14.577037529568678,0.0,26.160581711637153,0.0,0.5,0.0,33.184896365233264,0.0
5500,10.0,0.0,0,0.0,0.5,0.0,14.577037529568678,0.0,26.160581711637153,0.0,0.5,0.0,33.184896365233264,0.0
5510,10.0,0.0,0,0.0,0.5,0.0,14.577037529568678,0.0,26.160581711637153,0.0,0.5,0.0,33.184896365233264,0.0
5520,10.0,0.0,0,0.0,0.5,0.0,14.577037529568678,0.0,26.160581711637153,0.0,0.5,0.0,33.184896365233264,0.0
5530,10.0,0.0,0,0.0,0.5,0.0,14.577037529568678,0.0,26.160581711637153,0.0,0.5,0.0,33.184896365233264,0.0
5540,10.0,0.0,0,0.0,0.5,0.0,14.577037529568678,0.0,26.160581711637153,0.0,0.5,0.0,33.184896365233264,0.0
5550,10.0,0.0,0,0.0,0.5,0.0,14.577037529568678,0.0,26.160581711637153,0.0,0.5,0.0,33.184896365233264,0.0
5560,10.0,0.0,0,0.0,0.5,0.0,14.577037529568678,0.0,26.160581711637153,0.0,0.5,0.0,33.184896365233264,0.0
5570,10.0,0.0,0,0.0,0.5,0.0,14.577037529568678,0.0,26.160581711637153,0.0,0.5,0.0,33.184896365233264,0.0
5580,10.0,0.0,0,0.0,0.5,0.0,14.577037529568678,0.0,26.160581711637153,0.0,0.5,0.0,33.184896365233264,0.0
5590,10.0,0.0,0,0.0,0.5,0.0,14.577037529568678,0.0,26.160581711637153,0.0,0.5,0.0,33.184896365233264,0.0
5600,10.0,0.0,0,0.0,0.5,0.0,14.577037529568678,0.0,26.160581711637153,0.0,0.5,0.0,33.184896365233264,0.0
5610,10.0,0.0,0,0.0,0.5,0.0,14.577037529568678,0.0,26.160581711637153,0.0,0.5,0.0,33.184896365233264,0.0
5620,10.0,0.0,0,0.0,0.5,0.0,14.577037529568678,0.0,26.160581711637153,0.0,0.5,0.0,33.184896365233264,0.0
5630,10.0,0.0,0,0.0,0.5,0.0,14.577037529568678,0.0,26.160581711637153,0.0,0.5,0.0,33.184896365233264,0.0
5640,10.0,0.0,0,0.0,0.5,0.0,14.577037529568678,0.0,26.160581711637153,0.0,0.5,0.0,33.184896365233264,0.0
5650,10.0,0.0,0,0.0,0.5,0.0,14.577037529568678,0.0,26.160581711637153,0.0,0.5,0.0,33.184896365233264,0.0
5660,10.0,0.0,0,0.0,0.5,0.0,14.577037529568678,0.0,26.160581711637153,0.0,0.5,0.0,33.184896365233264,0.0
5670,10.0,0.0,0,0.0,0.5,0.0,14.577037529568678,0.0,26.160581711637153,0.0,0.5,0.0,33.184896365233264,0.0
5680,10.0,0.0,0,0.0,0.5,0.0,14.577037529568678,0.0,26.160581711637153,0.0,0.5,0.0,33.184896365233264,0.0
5690,10.0,0.0,0,0.0,0.5,0.0,14.577037529568678,0.0,26.160581711637153,0.0,0.5,0.0,33.184896365233264,0.0
5700,10.0,0.0,0,0.0,0.5,0.0,14.577037529568678,0.0,26.160581711637153,0.0,0.5,0.0,33.184896365233264,0.0
5710,10.0,0.0,0,0.0,0.5,0.0,14.577037529568678,0.0,26.160581711637153,0.0,0.5,0.0,33.184896365233264,0.0
5720,10.0,0.0,0,0.0,0.5,0.0,14.577037529568678,0.0,26.160581711637153,0.0,0.5,0.0,33.184896365233264,0.0
5730,10.0,0.0,0,0.0,0.5,0.0,14.577037529568678,0.0,26.160581711637153,0.0,0.5,0.0,33.184896365233264,0.0
5740,10.0,0.0,0,0.0,0.5,0.0,14.577037529568678,0.0,26.160581711637153,0.0,0.5,0.0,33.184896365233264,0.0
5750,10.0,0.0,0,0.0,0.5,0.0,14.577037529568678,0.0,26.160581711637153,0.0,0.5,0.0,33.184896365233264,0.0
5760,10.0,0.0,0,0.0,0.5,0.0,14.577037529568678,0.0,26.160581711637153,0.0,0.5,0.0,33.184896365233264,0.0
5770,10.0,0.0,0,0.0,0.5,0.0,14.577037529568678,0.0,26.160581711637153,0.0,0.5,0.0,33.184896365233264,0.0
5780,10.0,0.0,0,0.0,0.5,0.0,14.577037529568678,0.0,26.160581711637153,0.0,0.5,0.0,33.184896365233264,0.0
5790,10.0,0.0,0,0.0,0.5,0.0,14.577037529568678,0.0,26.160581711637153,0.0,0.5,0.0,33.184896365233264,0.0
5800,10.0,0.0,0,0.0,0.5,0.0,14.577037529568678,0.0,26.160581711637153,0.0,0.5,0.0,33.184896365233264,0.0
5810,10.0,0.0,0,0.0,0.5,0.0,14.577037529568678,0.0,26.160581711637153,0.0,0.5,0.0,33.184896365233264,0.0
5820,10.0,0.0,0,0.0,0.5,0.0,14.577037529568678,0.0,26.160581711637153,0.0,0.5,0.0,33.184896365233264,0.0
5830,10.0,0.0,0,0.0,0.5,0.0,14.577037529568678,0.0,26.160581711637153,0.0,0.5,0.0,33.184896365233264,0.0
5840,10.0,0.0,0,0.0,0.5,0.0,14.577037529568678,0.0,26.160581711637153,0.0,0.5,0.0,33.184896365233264,0.0
5850,10.0,0.0,0,0.0,0.5,0.0,14.577037529568678,0.0,26.160581711637153,0.0,0.5,0.0,33.184896365233264,0.0
5860,10.0,0.0,0,0.0,0.5,0.0,14.577037529568678,0.0,26.160581711637153,0.0,0.5,0.0,33.184896365233264,0.0
5870,10.0,0.0,0,0.0,0.5,0.0,14.577037529568678,0.0,26.160581711637153,0.0,0.5,0.0,33.184896365233264,0.0
5880,10.0,0.0,0,0.0,0.5,0.0,14.577037529568678,0.0,26.160581711637153,0.0,0.5,0.0,33.184896365233264,0.0
5890,10.0,0.0,0,0.0,0.5,0.0,14.577037529568678,0.0,26.160581711637153,0.0,0.5,0.0,33.184896365233264,0.0
5900,10.0,0.0,0,0.0,0.5,0.0,14.577037529568678,0.0,26.160581711637153,0.0,0.5,0.0,33.184896365233264,0.0
5910,10.0,0.0,0,0.0,0.5,0.0,14.577037529568678,0.0,26.160581711637153,0.0,0.5,0.0,33.184896365233264,0.0
5920,10.0,0.0,0,0.0,0.5,0.0,14.577037529568678,0.0,26.160581711637153,0.0,0.5,0.0,33.184896365233264,0.0
5930,10.0,0.0,0,0.0,0.5,0.0,14.577037529568678,0.0,26.160581711637153,0.0,0.5,0.0,33.184896365233264,0.0
5940,10.0,0.0,0,0.0,0.5,0.0,14.577037529568678,0.0,26.160581711637153,0.0,0.5,0.0,33.184896365233264,0.0
5950,10.0,0.0,0,0.0,0.5,0.0,14.577037529568678,0.0,26.160581711637153,0.0,0.5,0.0,33.184896365233264,0.0
5960,10.0,0.0,0,0.0,0.5,0.0,14.577037529568678,0.0,26.160581711637153,0.0,0.5,0.0,33.184896365233264,0.0
5970,10.0,0.0,0,0.0,0.5,0.0,14.577037529568678,0.0,26.160581711637153,0.0,0.5,0.0,33.184896365233264,0.0
5980,10.0,0.0,0,0.0,0.5,0.0,14.577037529568678,0.0,26.160581711637153,0.0,0.5,0.0,33.184896365233264,0.0
5990,10.0,0.0,0,0.0,0.5,0.0,14.577037529568678,0.0,26.160581711637153,0.0,0.5,0.0,33.184896365233264,0.0
6000,10.0,0.0,0,0.0,0.5,0.0,14.577037529568678,0.0,26.160581711637153,0.0,0.5,0.0,33.184896365233264,0.0
6010,10.0,0.0,0,0.0,0.5,0.0,14.577037529568678,0.0,26.160581711637153,0.0,0.5,0.0,33.184896365233264,0.0
6020,10.0,0.0,0,0.0,0.5,0.0,14.577037529568678,0.0,26.160581711637153,0.0,0.5,0.0,33.184896365233264,0.0
6030,10.0,0.0,0,0.0,0.5,0.0,14.577037529568678,0.0,26.160581711637153,0.0,0.5,0.0,33.184896365233264,0.0
6040,10.0,0.0,0,0.0,0.5,0.0,14.577037529568678,0.0,26.160581711637153,0.0,0.5,0.0,33.184896365233264,0.0
6050,10.0,0.0,0,0.0,0.5,0.0,14.577037529568678,0.0,26.160581711637153,0.0,0.5,0.0,33.184896365233264,0.0
6060,10.0,0.0,0,0.0,0.5,0.0,14.577037529568678,0.0,26.160581711637153,0.0,0.5,0.0,33.184896365233264,0.0
6070,10.0,0.0,0,0.0,0.5,0.0,14.577037529568678,0.0,26.160581711637153,0.0,0.5,0.0,33.184896365233264,0.0
6080,10.0,0.0,0,0.0,0.5,0.0,14.577037529568678,0.0,26.160581711637153,0.0,0.5,0.0,33.184896365233264,0.0
6090,10.0,0.0,0,0.0,0.5,0.0,14.577037529568678,0.0,26.160581711637153,0.0,0.5,0.0,33.184896365233264,0.0
6100,10.0,0.0,0,0.0,0.5,0.0,14.577037529568678,0.0,26.160581711637153,0.0,0.5,0.0,33.184896365233264,0.0
6110,10.0,0.0,0,0.0,0.5,0.0,14.577037529568678,0.0,26.160581711637153,0.0,0.5,0.0,33.184896365233264,0.0
6120,10.0,0.0,0,0.0,0.5,0.0,14.577037529568678,0.0,26.160581711637153,0.0,0.5,0.0,33.184896365233264,0.0
6130,10.0,0.0,0,0.0,0.5,0.0,14.577037529568678,0.0,26.160581711637153,0.0,0.5,0.0,33.184896365233264,0.0
6140,10.0,0.0,0,0.0,0.5,0.0,14.577037529568678,0.0,26.160581711637153,0.0,0.5,0.0,33.184896365233264,0.0
6150,10.0,0.0,0,0.0,0.5,0.0,14.577037529568678,0.0,26.160581711637153,0.0,0.5,0.0,33.184896365233264,0.0
6160,10.0,0.0,0,0.0,0.5,0.0,14.577037529568678,0.0,26.160581711637153,0.0,0.5,0.0,33.184896365233264,0.0
6170,10.0,0.0,0,0.0,0.5,0.0,14.577037529568678,0.0,26.160581711637153,0.0,0.5,0.0,33.184896365233264,0.0
6180,10.0,0.0,0,0.0,0.5,0.0,14.577037529568678,0.0,26.160581711637153,0.0,0.5,0.0,33.184896365233264,0.0
6190,10.0,0.0,0,0.0,0.5,0.0,14.577037529568678,0.0,26.160581711637153,0.0,0.5,0.0,33.184896365233264,0.0
6200,10.0,0.0,0,0.0,0.5,0.0,14.577037529568678,0.0,26.160581711637153,0.0,0.5,0.0,33.184896365233264,0.0
6210,10.0,0.0,0,0.0,0.5,0.0,14.577037529568678,0.0,26.160581711637153,0.0,0.5,0.0,33.184896365233264,0.0
6220,10.0,0.0,0,0.0,0.5,0.0,14.577037529568678,0.0,26.160581711637153,0.0,0.5,0.0,33.184896365233264,0.0
6230,10.0,0.0,0,0.0,0.5,0.0,14.577037529568678,0.0,26.160581711637153,0.0,0.5,0.0,33.184896365233264,0.0
6240,10.0,0.0,0,0.0,0.5,0.0,14.577037529568678,0.0,26.160581711637153,0.0,0.5,0.0,33.184896365233264,0.0
6250,10.0,0.0,0,0.0,0.5,0.0,14.577037529568678,0.0,26.160581711637153,0.0,0.5,0.0,33.184896365233264,0.0
6260,10.0,0.0,0,0.0,0.5,0.0,14.577037529568678,0.0,26.160581711637153,0.0,0.5,0.0,33.184896365233264,0.0
6270,10.0,0.0,0,0.0,0.5,0.0,14.577037529568678,0.0,26.160581711637153,0.0,0.5,0.0,33.184896365233264,0.0
6280,10.0,0.0,0,0.0,0.5,0.0,14.577037529568678,0.0,26.160581711637153,0.0,0.5,0.0,33.184896365233264,0.0
6290,10.0,0.0,0,0.0,0.5,0.0,14.577037529568678,0.0,26.160581711637153,0.0,0.5,0.0,33.184896365233264,0.0
6300,10.0,0.0,0,0.0,0.5,0.0,14.577037529568678,0.0,26.160581711637153,0.0,0.5,0.0,33.184896365233264,0.0
6310,10.0,0.0,0,0.0,0.5,0.0,14.577037529568678,0.0,26.160581711637153,0.0,0.5,0.0,33.184896365233264,0.0
6320,10.0,0.0,0,0.0,0.5,0.0,14.577037529568678,0.0,26.160581711637153,0.0,0.5,0.0,33.184896365233264,0.0
6330,10.0,0.0,0,0.0,0.5,0.0,14.577037529568678,0.0,26.160581711637153,0.0,0.5,0.0,33.184896365233264,0.0
6340,10.0,0.0,0,0.0,0.5,0.0,14.577037529568678,0.0,26.160581711637153,0.0,0.5,0.0,33.184896365233264,0.0
6350,10.0,0.0,0,0.0,0.5,0.0,14.577037529568678,0.0,26.160581711637153,0.0,0.5,0.0,33.184896365233264,0.0
6360,10.0,0.0,0,0.0,0.5,0.0,14.577037529568678,0.0,26.160581711637153,0.0,0.5,0.0,33.184896365233264,0.0
6370,10.0,0.0,0,0.0,0.5,0.0,14.577037529568678,0.0,26.160581711637153,0.0,0.5,0.0,33.184896365233264,0.0
6380,10.0,0.0,0,0.0,0.5,0.0,14.577037529568678,0.0,26.160581711637153,0.0,0.5,0.0,33.184896365233264,0.0
6390,10.0,0.0,0,0.0,0.5,0.0,14.577037529568678,0.0,26.160581711637153,0.0,0.5,0.0,33.184896365233264,0.0
6400,10.0,0.0,0,0.0,0.5,0.0,14.577037529568678,0.0,26.160581711637153,0.0,0.5,0.0,33.184896365233264,0.0
6410,10.0,0.0,0,0.0,0.5,0.0,14.577037529568678,0.0,26.160581711637153,0.0,0.5,0.0,33.184896365233264,0.0
6420,10.0,0.0,0,0.0,0.5,0.0,14.577037529568678,0.0,26.160581711637153,0.0,0.5,0.0,33.184896365233264,0.0
6430,10.0,0.0,0,0.0,0.5,0.0,14.577037529568678,0.0,26.160581711637153,0.0,0.5,0.0,33.184896365233264,0.0
6440,10.0,0.0,0,0.0,0.5,0.0,14.577037529568678,0.0,26.160581711637153,0.0,0.5,0.0,33.184896365233264,0.0
6450,10.0,0.0,0,0.0,0.5,0.0,14.577037529568678,0.0,26.160581711637153,0.0,0.5,0.0,33.184896365233264,0.0
6460,10.0,0.0,0,0.0,0.5,0.0,14.577037529568678,0.0,26.160581711637153,0.0,0.5,0.0,33.184896365233264,0.0
6470,10.0,0.0,0,0.0,0.5,0.0,14.577037529568678,0.0,26.160581711637153,0.0,0.5,0.0,33.184896365233264,0.0
6480,10.0,0.0,0,0.0,0.5,0.0,14.577037529568678,0.0,26.160581711637153,0.0,0.5,0.0,33.184896365233264,0.0
6490,10.0,0.0,0,0.0,0.5,0.0,14.577037529568678,0.0,26.160581711637153,0.0,0.5,0.0,33.184896365233264,0.0
6500,10.0,0.0,0,0.0,0.5,0.0,14.577037529568678,0.0,26.160581711637153,0.0,0.5,0.0,33.184896365233264,0.0
6510,10.0,0.0,0,0.0,0.5,0.0,14.577037529568678,0.0,26.160581711637153,0.0,0.5,0.0,33.184896365233264,0.0
6520,10.0,0.0,0,0.0,0.5,0.0,14.577037529568678,0.0,26.160581711637153,0.0,0.5,0.0,33.184896365233264,0.0
6530,10.0,0.0,0,0.0,0.5,0.0,14.577037529568678,0.0,26.160581711637153,0.0,0.5,0.0,33.184896365233264,0.0
6540,10.0,0.0,0,0.0,0.5,0.0,14.577037529568678,0.0,26.160581711637153,0.0,0.5,0.0,33.184896365233264,0.0
6550,10.0,0.0,0,0.0,0.5,0.0,14.577037529568678,0.0,26.160581711637153,0.0,0.5,0.0,33.184896365233264,0.0
6560,10.0,0.0,0,0.0,0.5,0.0,14.577037529568678,0.0,26.160581711637153,0.0,0.5,0.0,33.184896365233264,0.0
6570,10.0,0.0,0,0.0,0.5,0.0,14.577037529568678,0.0,26.160581711637153,0.0,0.5,0.0,33.184896365233264,0.0
6580,10.0,0.0,0,0.0,0.5,0.0,14.577037529568678,0.0,26.160581711637153,0.0,0.5,0.0,33.184896365233264,0.0
6590,10.0,0.0,0,0.0,0.5,0.0,14.577037529568678,0.0,26.160581711637153,0.0,0.5,0.0,33.184896365233264,0.0
6600,10.0,0.0,0,0.0,0.5,0.0,14.577037529568678,0.0,26.160581711637153,0.0,0.5,0.0,33.184896365233264,0.0
6610,10.0,0.0,0,0.0,0.5,0.0,14.577037529568678,0.0,26.160581711637153,0.0,0.5,0.0,33.184896365233264,0.0
6620,10.0,0.0,0,0.0,0.5,0.0,14.577037529568678,0.0,26.160581711637153,0.0,0.5,0.0,33.184896365233264,0.0
6630,10.0,0.0,0,0.0,0.5,0.0,14.577037529568678,0.0,26.160581711637153,0.0,0.5,0.0,33.184896365233264,0.0
6640,10.0,0.0,0,0.0,0.5,0.0,14.577037529568678,0.0,26.160581711637153,0.0,0.5,0.0,33.184896365233264,0.0
6650,10.0,0.0,0,0.0,0.5,0.0,14.577037529568678,0.0,26.160581711637153,0.0,0.5,0.0,33.184896365233264,0.0
6660,10.0,0.0,0,0.0,0.5,0.0,14.577037529568678,0.0,26.160581711637153,0.0,0.5,0.0,33.184896365233264,0.0
6670,10.0,0.0,0,0.0,0.5,0.0,14.577037529568678,0.0,26.160581711637153,0.0,0.5,0.0,33.184896365233264,0.0
6680,10.0,0.0,0,0.0,0.5,0.0,14.577037529568678,0.0,26.160581711637153,0.0,0.5,0.0,33.184896365233264,0.0
6690,10.0,0.0,0,0.0,0.5,0.0,14.577037529568678,0.0,26.160581711637153,0.0,0.5,0.0,33.184896365233264,0.0
6700,10.0,0.0,0,0.0,0.5,0.0,14.577037529568678,0.0,26.160581711637153,0.0,0.5,0.0,33.184896365233264,0.0
6710,10.0,0.0,0,0.0,0.5,0.0,14.577037529568678,0.0,26.160581711637153,0.0,0.5,0.0,33.184896365233264,0.0
6720,10.0,0.0,0,0.0,0.5,0.0,14.577037529568678,0.0,26.160581711637153,0.0,0.5,0.0,33.184896365233264,0.0
6730,10.0,0.0,0,0.0,0.5,0.0,14.577037529568678,0.0,26.160581711637153,0.0,0.5,0.0,33.184896365233264,0.0
6740,10.0,0.0,0,0.0,0.5,0.0,14.577037529568678,0.0,26.160581711637153,0.0,0.5,0.0,33.184896365233264,0.0
6750,10.0,0.0,0,0.0,0.5,0.0,14.577037529568678,0.0,26.160581711637153,0.0,0.5,0.0,33.184896365233264,0.0
6760,10.0,0.0,0,0.0,0.5,0.0,14.577037529568678,0.0,26.160581711637153,0.0,0.5,0.0,33.184896365233264,0.0
6770,10.0,0.0,0,0.0,0.5,0.0,14.577037529568678,0.0,26.160581711637153,0.0,0.5,0.0,33.184896365233264,0.0
6780,10.0,0.0,0,0.0,0.5,0.0,14.577037529568678,0.0,26.160581711637153,0.0,0.5,0.0,33.184896365233264,0.0
6790,10.0,0.0,0,0.0,0.5,0.0,14.577037529568678,0.0,26.160581711637153,0.0,0.5,0.0,33.184896365233264,0.0
6800,10.0,0.0,0,0.0,0.5,0.0,14.577037529568678,0.0,26.160581711637153,0.0,0.5,0.0,33.184896365233264,0.0
6810,10.0,0.0,0,0.0,0.5,0.0,14.577037529568678,0.0,26.160581711637153,0.0,0.5,0.0,33.184896365233264,0.0
6820,10.0,0.0,0,0.0,0.5,0.0,14.577037529568678,0.0,26.160581711637153,0.0,0.5,0.0,33.184896365233264,0.0
6830,10.0,0.0,0,0.0,0.5,0.0,14.577037529568678,0.0,26.160581711637153,0.0,0.5,0.0,33.184896365233264,0.0
6840,10.0,0.0,0,0.0,0.5,0.0,14.577037529568678,0.0,26.160581711637153,0.0,0.5,0.0,33.184896365233264,0.0
6850,10.0,0.0,0,0.0,0.5,0.0,14.577037529568678,0.0,26.160581711637153,0.0,0.5,0.0,33.184896365233264,0.0
6860,10.0,0.0,0,0.0,0.5,0.0,14.577037529568678,0.0,26.160581711637153,0.0,0.5,0.0,33.184896365233264,0.0
6870,10.0,0.0,0,0.0,0.5,0.0,14.577037529568678,0.0,26.160581711637153,0.0,0.5,0.0,33.184896365233264,0.0
6880,10.0,0.0,0,0.0,0.5,0.0,14.577037529568678,0.0,26.160581711637153,0.0,0.5,0.0,33.184896365233264,0.0
6890,10.0,0.0,0,0.0,0.5,0.0,14.577037529568678,0.0,26.160581711637153,0.0,0.5,0.0,33.184896365233264,0.0
6900,10.0,0.0,0,0.0,0.5,0.0,14.577037529568678,0.0,26.160581711637153,0.0,0.5,0.0,33.184896365233264,0.0
6910,10.0,0.0,0,0.0,0.5,0.0,14.577037529568678,0.0,26.160581711637153,0.0,0.5,0.0,33.184896365233264,0.0
6920,10.0,0.0,0,0.0,0.5,0.0,14.577037529568678,0.0,26.160581711637153,0.0,0.5,0.0,33.184896365233264,0.0
6930,10.0,0.0,0,0.0,0.5,0.0,14.577037529568678,0.0,26.160581711637153,0.0,0.5,0.0,33.184896365233264,0.0
6940,10.0,0.0,0,0.0,0.5,0.0,14.577037529568678,0.0,26.160581711637153,0.0,0.5,0.0,33.184896365233264,0.0
6950,10.0,0.0,0,0.0,0.5,0.0,14.577037529568678,0.0,26.160581711637153,0.0,0.5,0.0,33.184896365233264,0.0
6960,10.0,0.0,0,0.0,0.5,0.0,14.577037529568678,0.0,26.160581711637153,0.0,0.5,0.0,33.184896365233264,0.0
6970,10.0,0.0,0,0.0,0.5,0.0,14.577037529568678,0.0,26.160581711637153,0.0,0.5,0.0,33.184896365233264,0.0
6980,10.0,0.0,0,0.0,0.5,0.0,14.577037529568678,0.0,26.160581711637153,0.0,0.5,0.0,33.184896365233264,0.0
6990,10.0,0.0,0,0.0,0.5,0.0,14.577037529568678,0.0,26.160581711637153,0.0,0.5,0.0,33.184896365233264,0.0
7000,10.0,0.0,0,0.0,0.5,0.0,14.577037529568678,0.0,26.160581711637153,0.0,0.5,0.0,33.184896365233264,0.0
7010,10.0,0.0,0,0.0,0.5,0.0,14.577037529568678,0.0,26.160581711637153,0.0,0.5,0.0,33.184896365233264,0.0
7020,10.0,0.0,0,0.0,0.5,0.0,14.577037529568678,0.0,26.160581711637153,0.0,0.5,0.0,33.184896365233264,0.0
7030,10.0,0.0,0,0.0,0.5,0.0,14.577037529568678,0.0,26.160581711637153,0.0,0.5,0.0,33.184896365233264,0.0
7040,10.0,0.0,0,0.0,0.5,0.0,14.577037529568678,0.0,26.160581711637153,0.0,0.5,0.0,33.184896365233264,0.0
7050,10.0,0.0,0,0.0,0.5,0.0,14.577037529568678,0.0,26.160581711637153,0.0,0.5,0.0,33.184896365233264,0.0
7060,10.0,0.0,0,0.0,0.5,0.0,14.577037529568678,0.0,26.160581711637153,0.0,0.5,0.0,33.184896365233264,0.0
7070,10.0,0.0,0,0.0,0.5,0.0,14.577037529568678,0.0,26.160581711637153,0.0,0.5,0.0,33.184896365233264,0.0
7080,10.0,0.0,0,0.0,0.5,0.0,14.577037529568678,0.0,26.160581711637153,0.0,0.5,0.0,33.184896365233264,0.0
7090,10.0,0.0,0,0.0,0.5,0.0,14.577037529568678,0.0,26.160581711637153,0.0,0.5,0.0,33.184896365233264,0.0
7100,10.0,0.0,0,0.0,0.5,0.0,14.577037529568678,0.0,26.160581711637153,0.0,0.5,0.0,33.184896365233264,0.0
7110,10.0,0.0,0,0.0,0.5,0.0,14.577037529568678,0.0,26.160581711637153,0.0,0.5,0.0,33.184896365233264,0.0
7120,10.0,0.0,0,0.0,0.5,0.0,14.577037529568678,0.0,26.160581711637153,0.0,0.5,0.0,33.184896365233264,0.0
7130,10.0,0.0,0,0.0,0.5,0.0,14.577037529568678,0.0,26.160581711637153,0.0,0.5,0.0,33.184896365233264,0.0
7140,10.0,0.0,0,0.0,0.5,0.0,14.577037529568678,0.0,26.160581711637153,0.0,0.5,0.0,33.184896365233264,0.0
7150,10.0,0.0,0,0.0,0.5,0.0,14.577037529568678,0.0,26.160581711637153,0.0,0.5,0.0,33.184896365233264,0.0
7160,10.0,0.0,0,0.0,0.5,0.0,14.577037529568678,0.0,26.160581711637153,0.0,0.5,0.0,33.184896365233264,0.0
7170,10.0,0.0,0,0.0,0.5,0.0,14.577037529568678,0.0,26.160581711637153,0.0,0.5,0.0,33.184896365233264,0.0
7180,10.0,0.0,0,0.0,0.5,0.0,14.577037529568678,0.0,26.160581711637153,0.0,0.5,0.0,33.184896365233264,0.0
7190,10.0,0.0,0,0.0,0.5,0.0,14.577037529568678,0.0,26.160581711637153,0.0,0.5,0.0,33.184896365233264,0.0
