time,upstream_reservoir_water_level,upstream_reservoir_outflow,upstream_reservoir_volume,upstream_reservoir_inflow,gate_1_opening,gate_1_outflow,canal_water_level,canal_inflow,canal_outflow,downstream_reservoir_water_level,downstream_reservoir_outflow,downstream_reservoir_volume,downstream_reservoir_inflow
0.0,10.030190911176938,19.809088823063014,100301.90911176938,50.0,0.5,19.86880425967215,4.9486880425967215,19.86880425967215,25.0,4.025,0,40250.0,25.0
10.0,10.060221025220173,19.969885956764383,100602.21025220174,50.0,0.5,20.028806965875138,4.898976112255473,20.028806965875138,25.0,4.05,0,40500.0,25.0
20.0,10.090095059385723,20.125965834450522,100900.95059385723,50.0,0.5,20.184127798118553,4.850817390236658,20.184127798118553,25.0,4.075,0,40750.0,25.0
30.0,10.119817522270116,20.27753711560698,101198.17522270116,50.0,0.5,20.334973084860128,4.80416712108526,20.334973084860128,25.0,4.1,0,41000.0,25.0
40.0,10.149392727448992,20.42479482112336,101493.92727448992,50.0,0.5,20.48153572336376,4.758982478318897,20.48153572336376,25.0,4.125,0,41250.0,25.0
50.0,10.178824805912003,20.56792153698885,101788.24805912003,50.0,0.5,20.623996360296104,4.715222441921858,20.623996360296104,25.0,4.15,0,41500.0,25.0
60.0,10.208117717426996,20.707088485007894,102081.17717426995,50.0,0.5,20.76252444240929,4.672847686345951,20.76252444240929,25.0,4.175,0,41750.0,25.0
70.0,10.237275260948948,20.84245647804597,102372.75260948949,50.0,0.5,20.897279154350294,4.631820477889454,20.897279154350294,25.0,4.2,0,42000.0,25.0
80.0,10.266301084174293,20.97417677465576,102663.01084174293,50.0,0.5,21.028410258058837,4.592104580470042,21.028410258058837,25.0,4.225,0,42250.0,25.0
90.0,10.295198692328563,21.10239184572947,102951.98692328563,50.0,0.5,21.156058846076622,4.553665168930808,21.156058846076622,25.0,4.25,0,42500.0,25.0
100.0,10.323971456264575,21.227236063987604,103239.71456264575,50.0,0.5,21.280358019308654,4.516468749123894,21.280358019308654,25.0,4.275,0,42750.0,25.0
110.0,10.352622619938995,21.348836325579917,103526.22619938994,50.0,0.5,21.401433498286256,4.480483084106757,21.401433498286256,25.0,4.3,0,43000.0,25.0
120.0,10.381155307327209,21.46731261178525,103811.5530732721,50.0,0.5,21.519404175728035,4.445677125864037,21.519404175728035,25.0,4.325,0,43250.0,25.0
130.0,10.409572528829498,21.582778497710386,104095.72528829498,50.0,0.5,21.63438261713815,4.4120209520354186,21.63438261713815,25.0,4.35,0,43500.0,25.0
140.0,10.437877187215529,21.69534161396864,104378.7718721553,50.0,0.5,21.746475515286036,4.379485707188279,21.746475515286036,25.0,4.375,0,43750.0,25.0
150.0,10.466072083148992,21.80510406653769,104660.72083148992,50.0,0.5,21.85578410365084,4.348043548224788,21.85578410365084,25.0,4.4,0,44000.0,25.0
160.0,10.494159920329661,21.912162819330536,104941.59920329662,50.0,0.5,21.96240453326526,4.317667593557441,21.96240453326526,25.0,4.425,0,44250.0,25.0
170.0,10.522143310286218,22.016610043444107,105221.43310286218,50.0,0.5,22.066428216838233,4.288331875725823,22.066428216838233,25.0,4.45,0,44500.0,25.0
180.0,10.550024776849657,22.11853343656174,105500.24776849657,50.0,0.5,22.167942143559436,4.260011297161417,22.167942143559436,25.0,4.475,0,44750.0,25.0
190.0,10.577806760334092,22.218016515565317,105778.06760334091,50.0,0.5,22.267029167578496,4.232681588837202,22.267029167578496,25.0,4.5,0,45000.0,25.0
200.0,10.60549162144904,22.31513888505012,106054.91621449041,50.0,0.5,22.363768272797344,4.206319271565175,22.363768272797344,25.0,4.525,0,45250.0,25.0
210.0,10.63308164496492,22.40997648412166,106330.8164496492,50.0,0.5,22.458234816307623,4.180901619728251,22.458234816307623,25.0,4.55,0,45500.0,25.0
220.0,10.660579043151339,22.502601813580885,106605.7904315134,50.0,0.5,22.5505007525386,4.156406627253637,22.5505007525386,25.0,4.575,0,45750.0,25.0
230.0,10.687985959005971,22.593084145367396,106879.85959005971,50.0,0.5,22.640634839949236,4.132812975653129,22.640634839949236,25.0,4.6,0,46000.0,25.0
240.0,10.715304469290048,22.681489715923224,107153.04469290048,50.0,0.5,22.72870283189574,4.110100003972087,22.72870283189574,25.0,4.625,0,46250.0,25.0
250.0,10.74253658738509,22.76788190495887,107425.3658738509,50.0,0.5,22.814767653128804,4.0882476805033745,22.814767653128804,25.0,4.65,0,46500.0,25.0
260.0,10.769684265984145,22.85232140094474,107696.84265984145,50.0,0.5,22.898889563219672,4.0672365761355715,22.898889563219672,25.0,4.675,0,46750.0,25.0
270.0,10.796749399629634,22.934866354511772,107967.49399629634,50.0,0.5,22.98112630807755,4.047047839216347,22.98112630807755,25.0,4.7,0,47000.0,25.0
280.0,10.82373382710881,23.015572520822392,108237.33827108811,50.0,0.5,23.06153326060088,4.027663171822356,23.06153326060088,25.0,4.725,0,47250.0,25.0
290.0,10.850639333716947,23.09449339186467,108506.39333716946,50.0,0.5,23.140163551398842,4.009064807336344,23.140163551398842,25.0,4.75,0,47500.0,25.0
300.0,10.877467653397419,23.17168031952689,108774.67653397418,50.0,0.5,23.21706819042562,4.042547446643879,23.21706819042562,19.86880425967215,4.769868804259673,0,47698.688042596725,19.86880425967215
310.0,10.904307244553316,23.16040884410329,109043.07244553315,50.0,0.5,23.205837820254036,4.074317755187668,23.205837820254036,20.028806965875138,4.789897611225547,0,47898.97611225548,20.028806965875138
320.0,10.931155191185947,23.152053367367138,109311.55191185948,50.0,0.5,23.197512840327196,4.104451605609754,23.197512840327196,20.184127798118553,4.8100817390236665,0,48100.81739023666,20.184127798118553
330.0,10.958008707707977,23.14648347797176,109580.08707707976,50.0,0.5,23.191963292758732,4.13302150768874,23.191963292758732,20.334973084860128,4.830416712108526,0,48304.167121085266,20.334973084860128
340.0,10.984865134184048,23.14357352392905,109848.65134184048,50.0,0.5,23.189063970056054,4.160096790155663,23.189063970056054,20.48153572336376,4.85089824783189,0,48508.9824783189,20.48153572336376
350.0,11.0117219317341,23.14320244994948,110117.21931734099,50.0,0.5,23.18869425196416,4.185743769072343,23.18869425196416,20.623996360296104,4.871522244192186,0,48715.22244192186,20.623996360296104
360.0,11.03857667809095,23.145253643148838,110385.7667809095,50.0,0.5,23.19073795073758,4.210025904155626,23.19073795073758,20.76252444240929,4.892284768634596,0,48922.84768634596,20.76252444240929
370.0,11.065427063304988,23.1496147859623,110654.27063304988,50.0,0.5,23.195083163680227,4.233003944248925,23.195083163680227,20.897279154350294,4.913182047788946,0,49131.82047788946,20.897279154350294
380.0,11.092270885589667,23.156177715320805,110922.70885589666,50.0,0.5,23.201622132006662,4.254736062988403,23.201622132006662,21.028410258058837,4.934210458047005,0,49342.10458047005,21.028410258058837
390.0,11.119106047302346,23.16483828732131,111191.06047302345,50.0,0.5,23.210251105254294,4.27527798558018,23.210251105254294,21.156058846076622,4.955366516893081,0,49553.66516893081,21.156058846076622
400.0,11.145930551055578,23.175496246767956,111459.30551055577,50.0,0.5,23.220870210621076,4.294683107493304,23.220870210621076,21.280358019308654,4.97664687491239,0,49766.4687491239,21.280358019308654
410.0,11.172742495954497,23.188055101080973,111727.42495954497,50.0,0.5,23.23338332672266,4.313002605777668,23.23338332672266,21.401433498286256,4.998048308410676,0,49980.48308410677,21.401433498286256
420.0,11.199540073956328,23.202421998168155,111995.40073956328,50.0,0.5,23.247697961360846,4.330285543633996,23.247697961360846,21.519404175728035,5.019567712586404,0,50195.677125864044,21.519404175728035
430.0,11.226321566348393,23.21850760793416,112263.21566348393,50.0,0.5,23.26372513297528,4.346578968792368,23.26372513297528,21.63438261713815,5.041202095203543,0,50412.020952035426,21.63438261713815
440.0,11.253085340341226,23.236226007168135,112530.85340341226,50.0,0.5,23.28137925551565,4.361928006194664,23.28137925551565,21.746475515286036,5.062948570718829,0,50629.48570718829,21.746475515286036
450.0,11.279829845773623,23.255494567603204,112798.29845773622,50.0,0.5,23.30057802652451,4.376375945423401,23.30057802652451,21.85578410365084,5.084804354822479,0,50848.04354822479,21.85578410365084
460.0,11.306553611926638,23.276233846984038,113065.53611926638,50.0,0.5,23.32124231826371,4.389964323273386,23.32124231826371,21.96240453326526,5.106766759355745,0,51067.667593557446,21.96240453326526
470.0,11.333255244443626,23.298367483012782,113332.55244443625,50.0,0.5,23.34329607175132,4.402733001822517,23.34329607175132,22.066428216838233,5.128833187572583,0,51288.33187572583,22.066428216838233
480.0,11.359933422353555,23.32182209007059,113599.33422353555,50.0,0.5,23.36666619360314,4.414720242322954,23.36666619360314,22.167942143559436,5.151001129716143,0,51510.01129716143,22.167942143559436
490.0,11.386586895194922,23.346527158633286,113865.86895194922,50.0,0.5,23.391282455594265,4.425962775203112,23.391282455594265,22.267029167578496,5.1732681588837215,0,51732.681588837215,22.267029167578496
500.0,11.413214480237606,23.37241495731576,114132.14480237606,50.0,0.5,23.41707739687229,4.436495866443861,23.41707739687229,22.363768272797344,5.195631927156519,0,51956.31927156519,22.363768272797344
510.0,11.439815059800114,23.399420437492317,114398.15059800114,50.0,0.5,23.443986228766615,4.446353380568452,23.443986228766615,22.458234816307623,5.218090161972826,0,52180.90161972827,22.458234816307623
520.0,11.466387578659665,23.427481140449157,114663.87578659665,50.0,0.5,23.47194674214728,4.455567840464538,23.47194674214728,22.5505007525386,5.240640662725366,0,52406.40662725366,22.5505007525386
530.0,11.492931041552634,23.456537107031668,114929.31041552633,50.0,0.5,23.50089921729366,4.464170484237982,23.50089921729366,22.640634839949236,5.263281297565315,0,52632.81297565315,22.640634839949236
540.0,11.51944451076288,23.486530789753814,115194.4451076288,50.0,0.5,23.530786336237767,4.472191319281403,23.530786336237767,22.72870283189574,5.28601000039721,0,52860.100003972104,22.72870283189574
550.0,11.54592710379554,23.517406967339454,115459.2710379554,50.0,0.5,23.561553097550032,4.479659173725615,23.561553097550032,22.814767653128804,5.308824768050339,0,53088.247680503395,22.814767653128804
560.0,11.572377991133873,23.54911266166706,115723.77991133873,50.0,0.5,23.59314673353684,4.4866017454287865,23.59314673353684,22.898889563219672,5.331723657613559,0,53317.23657613559,22.898889563219672
570.0,11.598796394076784,23.581597057089564,115987.96394076783,50.0,0.5,23.625516629819863,4.49304564864621,23.625516629819863,22.98112630807755,5.354704783921637,0,53547.047839216364,22.98112630807755
580.0,11.625181582654683,23.614811422100992,116251.81582654682,50.0,0.5,23.658614247267,4.499016458512871,23.658614247267,23.06153326060088,5.377766317182237,0,53777.66317182237,23.06153326060088
590.0,11.651532873621361,23.64870903332039,116515.32873621362,50.0,0.5,23.69239304624407,4.504538753461324,23.69239304624407,23.140163551398842,5.400906480733636,0,54009.06480733636,23.140163551398842
600.0,11.6778496285196,23.683245101762548,116778.49628519599,50.0,0.5,23.726808413155222,4.50963615568862,23.726808413155222,23.21706819042562,5.4241235489240625,0,54241.23548924062,23.21706819042562
610.0,11.704131251818236,23.71837670136334,117041.31251818236,50.0,0.5,23.76181758923867,4.515195953378466,23.76181758923867,23.205837820254036,5.447329386744316,0,54473.293867443164,23.205837820254036
620.0,11.73037861739126,23.75263442697574,117303.7861739126,50.0,0.5,23.795956284035405,4.521180387815549,23.795956284035405,23.197512840327196,5.470526899584644,0,54705.26899584644,23.197512840327196
630.0,11.756592531604458,23.78608578680195,117565.92531604458,50.0,0.5,23.829291744501212,4.5275536723329735,23.829291744501212,23.191963292758732,5.493718862877403,0,54937.18862877403,23.191963292758732
640.0,11.782773737141353,23.81879446310468,117827.73737141353,50.0,0.5,23.8618874082953,4.534281906715366,23.8618874082953,23.189063970056054,5.516907926847459,0,55169.07926847459,23.189063970056054
650.0,11.808922916634463,23.850820506888887,118089.22916634464,50.0,0.5,23.893803097423625,4.54133299516996,23.893803097423625,23.18869425196416,5.540096621099423,0,55400.96621099423,23.18869425196416
660.0,11.835040696112985,23.88222052147861,118350.40696112985,50.0,0.5,23.925095200855704,4.548676567671142,23.925095200855704,23.19073795073758,5.563287359050161,0,55632.87359050161,23.19073795073758
670.0,11.861127648277126,23.913047835859732,118611.27648277125,50.0,0.5,23.955816846978056,4.55628390450412,23.955816846978056,23.195083163680227,5.586482442213841,0,55864.82442213841,23.195083163680227
680.0,11.88718429560856,23.94335266856556,118871.8429560856,50.0,0.5,23.986018066654506,4.564127863850598,23.986018066654506,23.201622132006662,5.609684064345847,0,56096.840643458476,23.201622132006662
690.0,11.91321111332576,23.973182282800188,119132.1111332576,50.0,0.5,24.015745947582197,4.572182812273877,24.015745947582197,23.210251105254294,5.632894315451102,0,56328.94315451102,23.210251105254294
700.0,11.939208532192337,24.002581133422957,119392.08532192337,50.0,0.5,24.04504478056135,4.58042455797328,24.04504478056135,23.220870210621076,5.656115185661723,0,56561.15185661723,23.220870210621076
710.0,11.965176941185982,24.031591006354773,119651.76941185982,50.0,0.5,24.073956198234907,4.5888302866884025,24.073956198234907,23.23338332672266,5.679348568988446,0,56793.48568988446,23.23338332672266
720.0,11.99111669003507,24.060251150912165,119911.1669003507,50.0,0.5,24.10251930679958,4.59737850014279,24.10251930679958,23.247697961360846,5.702596266949807,0,57025.96266949807,23.247697961360846
730.0,12.017028091629545,24.088598405526756,120170.28091629544,50.0,0.5,24.13077081114237,4.606048956924461,24.13077081114237,23.26372513297528,5.725859992082782,0,57258.59992082782,23.26372513297528
740.0,12.042911424312278,24.116667317265357,120429.11424312278,50.0,0.5,24.158745133814296,4.614822615707447,24.158745133814296,23.28137925551565,5.749141371338298,0,57491.41371338298,23.28137925551565
750.0,12.068766934056748,24.144490255528428,120687.66934056749,50.0,0.5,24.186474528216245,4.623681580724364,24.186474528216245,23.30057802652451,5.772441949364822,0,57724.41949364822,23.30057802652451
760.0,12.094594836536478,24.172097520271706,120945.94836536478,50.0,0.5,24.21398918633885,4.632609049405115,24.21398918633885,23.32124231826371,5.795763191683086,0,57957.63191683086,23.32124231826371
770.0,12.120395319091411,24.199517445066324,121203.95319091411,50.0,0.5,24.241317341369477,4.641589262101297,24.241317341369477,23.34329607175132,5.819106487754837,0,58191.06487754837,23.34329607175132
780.0,12.146168542596124,24.226776495286867,121461.68542596124,50.0,0.5,24.268485365453568,4.650607453819801,24.268485365453568,23.36666619360314,5.842473153948441,0,58424.731539484404,23.36666619360314
790.0,12.17191464323443,24.253899361693694,121719.1464323443,50.0,0.5,24.29551786287463,4.659649807892605,24.29551786287463,23.391282455594265,5.865864436404035,0,58658.644364040345,23.391282455594265
800.0,12.197633734184777,24.280909049655172,121976.33734184776,50.0,0.5,24.322437758896818,4.66870341151285,24.322437758896818,23.41707739687229,5.889281513800907,0,58892.81513800907,23.41707739687229
810.0,12.223325907220538,24.307826964237112,122233.25907220539,50.0,0.5,24.349266384495845,4.677756213070142,24.349266384495845,23.443986228766615,5.912725500029674,0,59127.25500029674,23.443986228766615
820.0,12.24899123422917,24.334672991370216,122489.91234229169,50.0,0.5,24.376023557187512,4.686796981220545,24.376023557187512,23.47194674214728,5.936197446771821,0,59361.97446771821,23.47194674214728
830.0,12.274629768653877,24.361465575291582,122746.29768653878,50.0,0.5,24.402727658148546,4.6958152656290935,24.402727658148546,23.50089921729366,5.959698345989115,0,59596.98345989115,23.50089921729366
840.0,12.300241546861434,24.388221792442867,123002.41546861434,50.0,0.5,24.429395705811352,4.704801359324829,24.429395705811352,23.530786336237767,5.983229132325353,0,59832.29132325353,23.530786336237767
850.0,12.325826589439439,24.4149574219959,123258.26589439438,50.0,0.5,24.45604342610216,4.713746262610351,24.45604342610216,23.561553097550032,6.006790685422903,0,60067.906854229026,23.561553097550032
860.0,12.351384902426274,24.441687013165577,123513.84902426273,50.0,0.5,24.482685319481472,4.722641648469797,24.482685319481472,23.59314673353684,6.030383832156439,0,60303.83832156439,23.59314673353684
870.0,12.376916478476813,24.46842394945993,123769.16478476813,50.0,0.5,24.50933472493594,4.731479829420958,24.50933472493594,23.625516629819863,6.054009348786259,0,60540.09348786259,23.625516629819863
880.0,12.402421297966804,24.495180510008566,124024.21297966804,50.0,0.5,24.536003881061763,4.7402537257589055,24.536003881061763,23.658614247267,6.077667963033527,0,60776.67963033526,23.658614247267
890.0,12.4278993300387,24.52196792810226,124278.99330038701,50.0,0.5,24.562703984371883,4.748956835140183,24.562703984371883,23.69239304624407,6.10136035607977,0,61013.6035607977,23.69239304624407
900.0,12.453350533591632,24.548796447069165,124533.50533591631,50.0,0.5,24.589445244951534,4.757583203458147,24.589445244951534,23.726808413155222,6.125087164492926,0,61250.871644929255,23.726808413155222
910.0,12.478774858218026,24.575675373606234,124787.74858218025,50.0,0.5,24.61623693958025,4.766127396961562,24.61623693958025,23.76181758923867,6.148848982082164,0,61488.48982082164,23.76181758923867
920.0,12.504172245089347,24.60261312867817,125041.72245089347,50.0,0.5,24.643087462431907,4.774598708745527,24.643087462431907,23.795956284035405,6.172644938366199,0,61726.449383661995,23.795956284035405
930.0,12.529542650469617,24.629594619730607,125295.42650469617,50.0,0.5,24.66998177029133,4.783005609003428,24.66998177029133,23.829291744501212,6.1964742301107005,0,61964.742301107006,23.829291744501212
940.0,12.554886044316005,24.656606153610568,125548.86044316005,50.0,0.5,24.696906214409346,4.791355797064568,24.696906214409346,23.8618874082953,6.220336117518996,0,62203.36117518996,23.8618874082953
950.0,12.580202408971829,24.68363534417677,125802.02408971828,50.0,0.5,24.723848448461293,4.799656250574945,24.723848448461293,23.893803097423625,6.244229920616419,0,62442.29920616419,23.893803097423625
960.0,12.605491737946723,24.710671025105476,126054.91737946722,50.0,0.5,24.75079734168047,4.807913271983193,24.75079734168047,23.925095200855704,6.268155015817275,0,62681.55015817275,23.925095200855704
970.0,12.630754034779113,24.73770316761073,126307.54034779112,50.0,0.5,24.77774289688679,4.816132532482281,24.77774289688679,23.955816846978056,6.292110832664253,0,62921.108326642534,23.955816846978056
980.0,12.655989311976297,24.7647228028148,126559.89311976297,50.0,0.5,24.80467617314708,4.824319113547206,24.80467617314708,23.986018066654506,6.316096850730908,0,63160.96850730908,23.986018066654506
990.0,12.681197590027777,24.791721948519733,126811.97590027777,50.0,0.5,24.831589212819125,4.832477546199575,24.831589212819125,24.015745947582197,6.34011259667849,0,63401.1259667849,24.015745947582197
1000.0,12.706378896487632,24.818693540145045,127063.78896487632,50.0,0.5,24.858474972745345,4.840611848121415,24.858474972745345,24.04504478056135,6.364157641459052,0,63641.57641459051,24.04504478056135
1010.0,12.731533265122021,24.845631365609943,127315.33265122022,50.0,0.5,24.885327259375302,4.848725558732819,24.885327259375302,24.073956198234907,6.3882315976572865,0,63882.31597657286,24.073956198234907
1020.0,12.756660735118071,24.872530003950637,127566.60735118072,50.0,0.5,24.912140667608526,4.856821772340909,24.912140667608526,24.10251930679958,6.412334116964086,0,64123.34116964086,24.10251930679958
1030.0,12.781761350350596,24.899384767474714,127817.61350350597,50.0,0.5,24.938910523160395,4.864903169461089,24.938910523160395,24.13077081114237,6.436464887775228,0,64364.64887775228,24.13077081114237
1040.0,12.806835158703333,24.926191647265505,128068.35158703332,50.0,0.5,24.965632828264766,4.872972046405593,24.965632828264766,24.158745133814296,6.4606236329090425,0,64606.236329090425,24.158745133814296
1050.0,12.831882211441473,24.9529472618592,128318.82211441472,50.0,0.5,24.99230421053681,4.881030343228798,24.99230421053681,24.186474528216245,6.484810107437259,0,64848.101074372586,24.186474528216245
1060.0,12.856902562632545,24.979648808927053,128569.02562632546,50.0,0.5,25.01892187482918,4.889079670113701,25.01892187482918,24.21398918633885,6.509024096623597,0,65090.24096623597,24.21398918633885
1070.0,12.881896268612742,25.00629401980387,128818.96268612742,50.0,0.5,25.045483557923266,4.897121332279239,25.045483557923266,24.241317341369477,6.533265413964967,0,65332.65413964967,24.241317341369477
1080.0,12.906863387496028,25.032881116712343,129068.63387496029,50.0,0.5,25.07198748590573,4.90515635348376,25.07198748590573,24.268485365453568,6.557533899330421,0,65575.3389933042,24.268485365453568
1090.0,12.931803978723488,25.059408772540557,129318.03978723488,50.0,0.5,25.098432334088397,4.913185498195898,25.098432334088397,24.29551786287463,6.581829417193296,0,65818.29417193295,24.29551786287463
1100.0,12.95671810265045,25.085876073037696,129567.1810265045,50.0,0.5,25.124817189336785,4.921209292500298,25.124817189336785,24.322437758896818,6.606151854952191,0,66061.51854952192,24.322437758896818
1110.0,12.98160582016915,25.112282481299545,129816.05820169151,50.0,0.5,25.15114151467984,4.929228043802138,25.15114151467984,24.349266384495845,6.630501121336687,0,66305.01121336687,24.349266384495845
1120.0,13.006467192364727,25.138627804422484,130064.67192364729,50.0,0.5,25.17740511607962,4.937241859391059,25.17740511607962,24.376023557187512,6.654877144893874,0,66548.77144893874,24.376023557187512
1130.0,13.031302280202517,25.164912162210573,130313.02280202518,50.0,0.5,25.20360811124636,4.945250663922037,25.20360811124636,24.402727658148546,6.679279872552023,0,66792.79872552023,24.402727658148546
1140.0,13.056111144244692,25.191135957826358,130561.11144244691,50.0,0.5,25.229750900389842,4.953254215867822,25.229750900389842,24.429395705811352,6.703709268257834,0,67037.09268257834,24.429395705811352
1150.0,13.08089384439441,25.217299850281687,130808.93844394409,50.0,0.5,25.25583413880378,4.961252122994838,25.25583413880378,24.45604342610216,6.728165311683936,0,67281.65311683936,24.45604342610216
1160.0,13.10565043966574,25.24340472866999,131056.50439665739,50.0,0.5,25.28185871118523,4.969243856911876,25.28185871118523,24.482685319481472,6.752647997003416,0,67526.47997003417,24.482685319481472
1170.0,13.130380987977693,25.26945168804664,131303.80987977693,50.0,0.5,25.30782570759577,4.977228766738475,25.30782570759577,24.50933472493594,6.777157331728353,0,67771.57331728353,24.50933472493594
1180.0,13.155085545970826,25.295442006868626,131550.85545970825,50.0,0.5,25.333736400976363,4.985206091937621,25.333736400976363,24.536003881061763,6.801693335609414,0,68016.93335609414,24.536003881061763
1190.0,13.179764168844915,25.32137712590936,131797.64168844916,50.0,0.5,25.359592226131802,4.99317497435522,25.359592226131802,24.562703984371883,6.826256039593787,0,68262.56039593786,24.562703984371883
1200.0,13.204416910216345,25.347258628568717,132044.16910216346,50.0,0.5,25.38539476010529,5.001134469506757,25.38539476010529,24.589445244951534,6.850845484838738,0,68508.45484838738,24.589445244951534
1210.0,13.229043821993843,25.373088222502368,132290.43821993843,50.0,0.5,25.411145703867554,5.009083557149631,25.411145703867554,24.61623693958025,6.875461721778318,0,68754.61721778318,24.61623693958025
1220.0,13.253644954271344,25.39886772249845,132536.44954271344,50.0,0.5,25.43684686524869,5.017021151177799,25.43684686524869,24.643087462431907,6.90010480924075,0,69001.0480924075,24.643087462431907
1230.0,13.27822035523681,25.4245990345331,132782.2035523681,50.0,0.5,25.462500143044696,5.024946334905333,25.462500143044696,24.66998177029133,6.924774791011041,0,69247.74791011041,24.66998177029133
1240.0,13.302770071444373,25.45028379243765,133027.70071444372,50.0,0.5,25.488107164785383,5.032858344409093,25.488107164785383,24.696906214409346,6.949471697225451,0,69494.71697225451,24.696906214409346
1250.0,13.327294148058991,25.475923385379552,133272.9414805899,50.0,0.5,25.513669314123437,5.040756553065715,25.513669314123437,24.723848448461293,6.974195545673911,0,69741.95545673912,24.723848448461293
1260.0,13.351792629075703,25.501518983289454,133517.92629075702,50.0,0.5,25.539187756177054,5.048640457210681,25.539187756177054,24.75079734168047,6.998946343015593,0,69989.46343015593,24.75079734168047
1270.0,13.376265557515339,25.52707156036444,133762.6555751534,50.0,0.5,25.56466346095543,5.056509662851367,25.56466346095543,24.77774289688679,7.023724085912479,0,70237.2408591248,24.77774289688679
1280.0,13.40071297559857,25.552581916769753,134007.1297559857,50.0,0.5,25.59009722498921,5.064363873369788,25.59009722498921,24.80467617314708,7.048528762085627,0,70485.28762085627,24.80467617314708
1290.0,13.425134924899915,25.578050698654007,134251.34924899915,50.0,0.5,25.615489691280242,5.0722028781544,25.615489691280242,24.831589212819125,7.0733603512984455,0,70733.60351298445,24.831589212819125
1300.0,13.44953144648333,25.603478416586057,134495.3144648333,50.0,0.5,25.64084136767853,5.080026542103732,25.64084136767853,24.858474972745345,7.09821882627119,0,70982.1882627119,24.858474972745345
1310.0,13.473902581020814,25.62886546251533,134739.02581020814,50.0,0.5,25.666152643787743,5.087834795947856,25.666152643787743,24.885327259375302,7.123104153530566,0,71231.04153530566,24.885327259375302
1320.0,13.498248368895464,25.654212125351382,134982.48368895464,50.0,0.5,25.69142380649481,5.095627627336719,25.69142380649481,24.912140667608526,7.148016294198175,0,71480.16294198175,24.912140667608526
1330.0,13.522568850290211,25.67951860525291,135225.6885029021,50.0,0.5,25.716655054213213,5.103405072647247,25.716655054213213,24.938910523160395,7.172955204721335,0,71729.55204721335,24.938910523160395
1340.0,13.546864065263499,25.70478502671088,135468.640652635,50.0,0.5,25.74184650992472,5.111167209463846,25.74184650992472,24.965632828264766,7.1979208375496,0,71979.208375496,24.965632828264766
1350.0,13.571134053812994,25.730011450505746,135711.34053812994,50.0,0.5,25.766998233098885,5.118914149689467,25.766998233098885,24.99230421053681,7.222913141760137,0,72229.13141760137,24.99230421053681
1360.0,13.59537885592838,25.755197884613786,135953.7885592838,50.0,0.5,25.792110230565278,5.126646033246828,25.792110230565278,25.01892187482918,7.247932063634966,0,72479.32063634966,25.01892187482918
1370.0,13.619598511634246,25.78034429413324,136195.98511634246,50.0,0.5,25.817182466408774,5.134363022331684,25.817182466408774,25.045483557923266,7.272977547192889,0,72729.7754719289,25.045483557923266
1380.0,13.64379306102395,25.805450610296756,136437.9306102395,50.0,0.5,25.842214870954255,5.142065296182169,25.842214870954255,25.07198748590573,7.298049534678795,0,72980.49534678795,25.07198748590573
1390.0,13.667962544285317,25.830516738632678,136679.62544285317,50.0,0.5,25.867207348902877,5.149753046330314,25.867207348902877,25.098432334088397,7.3231479670128845,0,73231.47967012884,25.098432334088397
1400.0,13.692107001718984,25.855542566333988,136921.07001718984,50.0,0.5,25.892159786678725,5.157426472303734,25.892159786678725,25.124817189336785,7.348272784202221,0,73482.72784202221,25.124817189336785
1410.0,13.716226473750092,25.88052796889022,137162.26473750093,50.0,0.5,25.917072059040738,5.165085777747343,25.917072059040738,25.15114151467984,7.373423925716901,0,73734.23925716901,25.15114151467984
1420.0,13.740321000934058,25.905472816034372,137403.21000934058,50.0,0.5,25.941944035011975,5.172731166936667,25.941944035011975,25.17740511607962,7.398601330832982,0,73986.01330832981,25.17740511607962
1430.0,13.764390623957002,25.930376977053676,137643.90623957003,50.0,0.5,25.966775583174663,5.18036284165595,25.966775583174663,25.20360811124636,7.423804938944228,0,74238.04938944228,25.20360811124636
1440.0,13.788435383631493,25.95524032551012,137884.35383631493,50.0,0.5,25.99156657637705,5.187980998415822,25.99156657637705,25.229750900389842,7.449034689844618,0,74490.34689844618,25.229750900389842
1450.0,13.81245532088808,25.980062743413953,138124.5532088808,50.0,0.5,26.016316895894835,5.195585825986732,26.016316895894835,25.25583413880378,7.474290523983422,0,74742.90523983422,25.25583413880378
1460.0,13.836450476763188,26.004844124890614,138364.50476763188,50.0,0.5,26.0410264350877,5.203177503225756,26.0410264350877,25.28185871118523,7.499572382694606,0,74995.72382694606,25.28185871118523
1470.0,13.86042089238381,26.029584379379124,138604.2089238381,50.0,0.5,26.065695102588844,5.210756197175687,26.065695102588844,25.30782570759577,7.524880208402203,0,75248.80208402203,25.30782570759577
1480.0,13.884366608949414,26.05428343439776,138843.66608949413,50.0,0.5,26.090322825062973,5.218322061416553,26.090322825062973,25.333736400976363,7.55021394480318,0,75502.1394480318,25.333736400976363
1490.0,13.908287667711503,26.07894123791031,139082.87667711504,50.0,0.5,26.114909549566274,5.225875234650898,26.114909549566274,25.359592226131802,7.575573537029312,0,75755.73537029311,25.359592226131802
1500.0,13.93218410995118,26.103557760324477,139321.8410995118,50.0,0.5,26.139455245539573,5.233415839505241,26.139455245539573,25.38539476010529,7.600958931789416,0,76009.58931789416,25.38539476010529
1510.0,13.956055976955028,26.128132996151816,139560.55976955028,50.0,0.5,26.16395990646407,5.240943981531206,26.16395990646407,25.411145703867554,7.626370077493283,0,76263.70077493283,25.411145703867554
1520.0,13.979903309989671,26.152666965356737,139799.0330998967,50.0,0.5,26.188423551207133,5.248459748390791,26.188423551207133,25.43684686524869,7.6518069243585325,0,76518.06924358533,25.43684686524869
1530.0,14.003726150275252,26.17715971442051,140037.26150275252,50.0,0.5,26.212846225083847,5.255963209211182,26.212846225083847,25.462500143044696,7.677269424501578,0,76772.69424501578,25.462500143044696
1540.0,14.027524538958108,26.201611317144376,140275.24538958108,50.0,0.5,26.237228000658508,5.263454417569913,26.237228000658508,25.488107164785383,7.702757531666363,0,77027.57531666363,25.488107164785383
1550.0,14.051298517088092,26.22602187001577,140512.98517088091,50.0,0.5,26.261568973124714,5.270933414159926,26.261568973124714,25.513669314123437,7.728271200980487,0,77282.71200980486,25.513669314123437
1560.0,14.075048125600006,26.250391488086468,140750.48125600006,50.0,0.5,26.28586925619576,5.2784002291601135,26.28586925619576,25.539187756177054,7.753810388736662,0,77538.10388736663,25.539187756177054
1570.0,14.098773405298687,26.274720301320105,140987.73405298687,50.0,0.5,26.31012897846294,5.285854884335189,26.31012897846294,25.56466346095543,7.779375052197619,0,77793.75052197618,25.56466346095543
1580.0,14.122474396847316,26.29900845136971,141224.74396847317,50.0,0.5,26.334348280182514,5.293297394887122,26.334348280182514,25.59009722498921,7.804965149422607,0,78049.65149422607,25.59009722498921
1590.0,14.146151140758567,26.32325608874852,141461.51140758567,50.0,0.5,26.35852731045479,5.300727771078868,26.35852731045479,25.615489691280242,7.8305806391138875,0,78305.80639113887,25.615489691280242
1600.0,14.169803677388208,26.347463370360018,141698.03677388208,50.0,0.5,26.382666224761234,5.308146019649695,26.382666224761234,25.64084136767853,7.856221480481567,0,78562.21480481567,25.64084136767853
1610.0,14.193432046930852,26.371630457355465,141934.32046930853,50.0,0.5,26.406765182828156,5.315552145040099,26.406765182828156,25.666152643787743,7.881887633125355,0,78818.87633125354,25.666152643787743
1620.0,14.217036289417564,26.395757513289634,142170.36289417563,50.0,0.5,26.430824346787663,5.322946150443028,26.430824346787663,25.69142380649481,7.907579056931849,0,79075.79056931849,25.69142380649481
1630.0,14.240616444715016,26.419844702547397,142406.16444715016,50.0,0.5,26.45484387960862,5.330328038696982,26.45484387960862,25.716655054213213,7.933295711986061,0,79332.95711986061,25.716655054213213
1640.0,14.264172552526,26.443892189015884,142641.72552526,50.0,0.5,26.47882394377253,5.337697813035461,26.47882394377253,25.74184650992472,7.959037558495987,0,79590.37558495987,25.74184650992472
1650.0,14.287704652391021,26.46790013497893,142877.04652391022,50.0,0.5,26.502764700170893,5.345055477706181,26.502764700170893,25.766998233098885,7.984804556729086,0,79848.04556729086,25.766998233098885
1660.0,14.31121278369081,26.49186870021189,143112.1278369081,50.0,0.5,26.526666307202525,5.3524010384725536,26.526666307202525,25.792110230565278,8.010596666959652,0,80105.96666959651,25.792110230565278
1670.0,14.334696985649554,26.515798041257003,143346.96985649553,50.0,0.5,26.55052892005075,5.359734503008974,26.55052892005075,25.817182466408774,8.03641384942606,0,80364.1384942606,25.817182466408774
1680.0,14.358157297338693,26.53968831086064,143581.57297338694,50.0,0.5,26.57435269012204,5.367055881200652,26.57435269012204,25.842214870954255,8.062256064297014,0,80622.56064297014,25.842214870954255
1690.0,14.381593757681138,26.563539657555303,143815.93757681138,50.0,0.5,26.598137764629097,5.374365185357914,26.598137764629097,25.867207348902877,8.088123271645916,0,80881.23271645917,25.867207348902877
1700.0,14.405006405455769,26.587352225370747,144050.06405455768,50.0,0.5,26.621884286302496,5.381662430354152,26.621884286302496,25.892159786678725,8.114015431432597,0,81140.15431432596,25.892159786678725
1710.0,14.428395279302109,26.611126153659395,144283.95279302108,50.0,0.5,26.645592393216475,5.388947633695909,26.645592393216475,25.917072059040738,8.139932503491636,0,81399.32503491637,25.917072059040738
1720.0,14.451760417725085,26.634861577022967,144517.60417725085,50.0,0.5,26.669262218715573,5.396220815532945,26.669262218715573,25.941944035011975,8.16587444752665,0,81658.74447526649,25.941944035011975
1730.0,14.475101859099755,26.6585586253278,144751.01859099756,50.0,0.5,26.692893891429666,5.4034819986154945,26.692893891429666,25.966775583174663,8.191841223109822,0,81918.41223109823,25.966775583174663
1740.0,14.498419641675957,26.68221742379754,144984.19641675957,50.0,0.5,26.71648753536634,5.410731208205387,26.71648753536634,25.99156657637705,8.217832789686199,0,82178.327896862,25.99156657637705
1750.0,14.521713803582784,26.705838093173004,145217.13803582784,50.0,0.5,26.740043270070043,5.417968471947139,26.740043270070043,26.016316895894835,8.243849106582093,0,82438.49106582094,26.016316895894835
1760.0,14.544984382832855,26.72942074992957,145449.84382832854,50.0,0.5,26.76356121083872,5.425193819704649,26.76356121083872,26.0410264350877,8.269890133017181,0,82698.90133017182,26.0410264350877
1770.0,14.56823141732631,26.75296550654341,145682.3141732631,50.0,0.5,26.787041468989216,5.4324072833686525,26.787041468989216,26.065695102588844,8.295955828119771,0,82959.55828119771,26.065695102588844
1780.0,14.591454944854508,26.776472471798762,145914.5494485451,50.0,0.5,26.810484152163497,5.439608896639657,26.810484152163497,26.090322825062973,8.322046150944832,0,83220.46150944833,26.090322825062973
1790.0,14.61465500310338,26.79994175112889,146146.5500310338,50.0,0.5,26.83388936466857,5.44679869479068,26.83388936466857,26.114909549566274,8.3481610604944,0,83481.610604944,26.114909549566274
1800.0,14.637831629656397,26.82337344698427,146378.31629656398,50.0,0.5,26.8572572078435,5.453976714413719,26.8572572078435,26.139455245539573,8.37430051573994,0,83743.0051573994,26.139455245539573
1810.0,14.660984861997179,26.846767659221943,146609.84861997177,50.0,0.5,26.88058778044762,5.461142993153555,26.88058778044762,26.16395990646407,8.400464475646405,0,84004.64475646404,26.16395990646407
1820.0,14.684114737511667,26.87012448551081,146841.14737511668,50.0,0.5,26.90388117906457,5.468297569432129,26.90388117906457,26.188423551207133,8.426652899197611,0,84266.52899197611,26.188423551207133
1830.0,14.70722129348992,26.893444021747797,147072.2129348992,50.0,0.5,26.92713749851728,5.475440482166463,26.92713749851728,26.212846225083847,8.452865745422695,0,84528.65745422695,26.212846225083847
1840.0,14.73030456712744,26.916726362480727,147303.0456712744,50.0,0.5,26.95035683228958,5.482571770482774,26.95035683228958,26.237228000658508,8.479102973423354,0,84791.02973423354,26.237228000658508
1850.0,14.753364595526104,26.939971601333834,147533.64595526105,50.0,0.5,26.973539272950454,5.489691473481031,26.973539272950454,26.261568973124714,8.505364542396478,0,85053.64542396479,26.261568973124714
1860.0,14.776401415694746,26.96317983135701,147764.01415694747,50.0,0.5,26.996684912502356,5.496799630044097,26.996684912502356,26.28586925619576,8.531650411652674,0,85316.50411652675,26.28586925619576
1870.0,14.799415064549438,26.986351145307935,147994.15064549437,50.0,0.5,27.01979384266244,5.503896278686092,27.01979384266244,26.31012897846294,8.557960540631136,0,85579.60540631137,26.31012897846294
1880.0,14.822405578913564,27.009485635875322,148224.05578913563,50.0,0.5,27.04286615508519,5.510981457435119,27.04286615508519,26.334348280182514,8.58429488891132,0,85842.94888911319,26.334348280182514
1890.0,14.84537299551771,27.0325833958508,148453.7299551771,50.0,0.5,27.065901941533777,5.518055203745909,27.065901941533777,26.35852731045479,8.610653416221773,0,86106.53416221774,26.35852731045479
1900.0,14.868317350999455,27.05564451825628,148683.17350999455,50.0,0.5,27.088901294007076,5.525117554438368,27.088901294007076,26.382666224761234,8.637036082446535,0,86370.36082446534,26.382666224761234
1910.0,14.891238681903022,27.078669096432975,148912.38681903022,50.0,0.5,27.111864304828362,5.53216854565837,27.111864304828362,26.406765182828156,8.663442847629362,0,86634.42847629363,26.406765182828156
1920.0,14.914137024678924,27.10165722409758,149141.37024678924,50.0,0.5,27.134791066701307,5.539208212857506,27.134791066701307,26.430824346787663,8.689873671976152,0,86898.73671976151,26.430824346787663
1930.0,14.937012415683554,27.124608995370696,149370.12415683555,50.0,0.5,27.15768167273835,5.546236590788803,27.15768167273835,26.45484387960862,8.71632851585576,0,87163.2851585576,26.45484387960862
1940.0,14.959864891178771,27.147524504782016,149598.64891178772,50.0,0.5,27.180536216465722,5.553253713515735,27.180536216465722,26.47882394377253,8.742807339799533,0,87428.07339799532,26.47882394377253
1950.0,14.982694487331518,27.17040384725621,149826.94487331517,50.0,0.5,27.20335479180946,5.560259614432121,27.20335479180946,26.502764700170893,8.769310104499702,0,87693.10104499703,26.502764700170893
1960.0,15.005501240213434,27.193247118083285,150055.01240213434,50.0,0.5,27.226137493065696,5.567254326290752,27.226137493065696,26.526666307202525,8.795836770806906,0,87958.36770806905,26.526666307202525
1970.0,15.028285185800556,27.21605441287646,150282.85185800557,50.0,0.5,27.248884414858704,5.574237881238831,27.248884414858704,26.55052892005075,8.822387299726955,0,88223.87299726956,26.55052892005075
1980.0,15.051046359973036,27.238825827520618,150510.46359973037,50.0,0.5,27.27159565208938,5.581210310858505,27.27159565208938,26.57435269012204,8.848961652417078,0,88489.61652417078,26.57435269012204
1990.0,15.073784798514925,27.26156145811366,150737.84798514924,50.0,0.5,27.294271299876755,5.588171646210982,27.294271299876755,26.598137764629097,8.875559790181708,0,88755.59790181708,26.598137764629097
2000.0,15.09650053711402,27.28426140090315,150965.0053711402,50.0,0.5,27.316911453494708,5.595121917882904,27.316911453494708,26.621884286302496,8.90218167446801,0,89021.8167446801,26.621884286302496
2010.0,15.1191936113618,27.30692575222004,151191.936113618,50.0,0.5,27.339516208305948,5.602061156033798,27.339516208305948,26.645592393216475,8.928827266861227,0,89288.27266861226,26.645592393216475
2020.0,15.141864056753388,27.329554608411414,151418.64056753388,50.0,0.5,27.362085659694756,5.60898939044359,27.362085659694756,26.669262218715573,8.95549652907994,0,89554.96529079942,26.669262218715573
2030.0,15.164511908687613,27.352148065773427,151645.11908687613,50.0,0.5,27.384619903000132,5.615906650559294,27.384619903000132,26.692893891429666,8.98218942297137,0,89821.89422971371,26.692893891429666
2040.0,15.187137202467127,27.37470622048592,151871.37202467126,50.0,0.5,27.407119033450538,5.622812965540136,27.407119033450538,26.71648753536634,9.008905910506737,0,90089.05910506737,26.71648753536634
2050.0,15.209739973298577,27.397229168549696,152097.39973298577,50.0,0.5,27.429583146101262,5.629708364300448,27.429583146101262,26.740043270070043,9.035645953776807,0,90356.45953776807,26.740043270070043
2060.0,15.232320256292848,27.419717005727342,152323.2025629285,50.0,0.5,27.45201233577538,5.636592875549815,27.45201233577538,26.76356121083872,9.062409514987646,0,90624.09514987645,26.76356121083872
2070.0,15.25487808646536,27.442169827488375,152548.7808646536,50.0,0.5,27.474406697008984,5.643466527830013,27.474406697008984,26.787041468989216,9.089196556456635,0,90891.96556456634,26.787041468989216
2080.0,15.277413498736403,27.464587728959305,152774.13498736403,50.0,0.5,27.496766324001328,5.650329349548391,27.496766324001328,26.810484152163497,9.116007040608798,0,91160.07040608798,26.810484152163497
2090.0,15.299926527931524,27.486970804879086,152999.26527931524,50.0,0.5,27.519091310570346,5.657181369007409,27.519091310570346,26.83388936466857,9.142840929973467,0,91428.40929973466,26.83388936466857
2100.0,15.322417208781964,27.50931914956029,153224.17208781964,50.0,0.5,27.541381750113903,5.664022614430113,27.541381750113903,26.8572572078435,9.16969818718131,0,91696.9818718131,26.8572572078435
2110.0,15.344885575925108,27.53163285685637,153448.85575925108,50.0,0.5,27.563637735577053,5.670853113981408,27.563637735577053,26.88058778044762,9.196578774961758,0,91965.78774961758,26.88058778044762
2120.0,15.367331663904974,27.55391202013503,153673.31663904974,50.0,0.5,27.585859359425463,5.677672895785016,27.585859359425463,26.90388117906457,9.223482656140822,0,92234.82656140822,26.90388117906457
2130.0,15.389755507172717,27.576156732257928,153897.55507172717,50.0,0.5,27.608046713625118,5.684481987936095,27.608046713625118,26.92713749851728,9.250409793639339,0,92504.09793639339,26.92713749851728
2140.0,15.41215714008715,27.59836708556668,154121.5714008715,50.0,0.5,27.630199889628283,5.691280418509482,27.630199889628283,26.95035683228958,9.277360150471628,0,92773.60150471628,26.95035683228958
2150.0,15.434536596915274,27.620543171875084,154345.36596915274,50.0,0.5,27.65231897836575,5.698068215563635,27.65231897836575,26.973539272950454,9.304333689744578,0,93043.33689744578,26.973539272950454
2160.0,15.456893911832807,27.642685082467597,154568.93911832807,50.0,0.5,27.674404070245213,5.704845407141063,27.674404070245213,26.996684912502356,9.331330374657082,0,93313.3037465708,26.996684912502356
2170.0,15.479229118924703,27.664792908102676,154792.29118924704,50.0,0.5,27.69645525515459,5.711612021265984,27.69645525515459,27.01979384266244,9.358350168499744,0,93583.50168499743,27.01979384266244
2180.0,15.501542252185684,27.686866739020076,155015.42252185685,50.0,0.5,27.718472622469267,5.718368085939825,27.718472622469267,27.04286615508519,9.385393034654829,0,93853.93034654828,27.04286615508519
2190.0,15.523833345520732,27.708906664951165,155238.33345520732,50.0,0.5,27.74045626106228,5.72511362913511,27.74045626106228,27.065901941533777,9.412458936596362,0,94124.58936596362,27.065901941533777
2200.0,15.546102432745602,27.73091277513136,155461.02432745602,50.0,0.5,27.76240625931678,5.731848678788206,27.76240625931678,27.088901294007076,9.43954783789037,0,94395.47837890369,27.088901294007076
2210.0,15.568349547587289,27.752885158314196,155683.49547587289,50.0,0.5,27.78432270513989,5.738573262791322,27.78432270513989,27.111864304828362,9.466659702195196,0,94666.59702195197,27.111864304828362
2220.0,15.590574723684503,27.77482390278627,155905.74723684503,50.0,0.5,27.80620568597767,5.745287408984085,27.80620568597767,27.134791066701307,9.493794493261898,0,94937.94493261898,27.134791066701307
2230.0,15.61277799458812,27.796729096382705,156127.7799458812,50.0,0.5,27.828055288830456,5.7519911451450065,27.828055288830456,27.15768167273835,9.520952174934635,0,95209.52174934636,27.15768167273835
2240.0,15.634959393761616,27.818600826502678,156349.59393761616,50.0,0.5,27.849871600268315,5.758684498983032,27.849871600268315,27.180536216465722,9.548132711151101,0,95481.32711151101,27.180536216465722
2250.0,15.657118954581492,27.84043918012471,156571.1895458149,50.0,0.5,27.871654706446243,5.7653674981294,27.871654706446243,27.20335479180946,9.57533606594291,0,95753.3606594291,27.20335479180946
2260.0,15.67925671033767,27.862244243821426,156792.5671033767,50.0,0.5,27.893404693118857,5.772040170129932,27.893404693118857,27.226137493065696,9.602562203435976,0,96025.62203435977,27.226137493065696
2270.0,15.701372694233896,27.88401610377356,157013.72694233895,50.0,0.5,27.915121645654335,5.778702542437888,27.915121645654335,27.248884414858704,9.629811087850836,0,96298.11087850835,27.248884414858704
2280.0,15.72346693938811,27.905754845783168,157234.6693938811,50.0,0.5,27.93680564904752,5.78535464240747,27.93680564904752,27.27159565208938,9.657082683502924,0,96570.82683502925,27.27159565208938
2290.0,15.745539478832825,27.927460555285737,157455.39478832824,50.0,0.5,27.95845678793202,5.7919964972880225,27.95845678793202,27.294271299876755,9.684376954802802,0,96843.76954802802,27.294271299876755
2300.0,15.767590345515462,27.949133317361312,157675.90345515462,50.0,0.5,27.980075146591183,5.798628134218987,27.980075146591183,27.316911453494708,9.711693866256297,0,97116.93866256297,27.316911453494708
2310.0,15.789619572298719,27.970773216744426,157896.19572298718,50.0,0.5,28.00166080896805,5.805249580225608,28.00166080896805,27.339516208305948,9.739033382464603,0,97390.33382464603,27.339516208305948
2320.0,15.811627191960884,27.99238033783297,158116.27191960884,50.0,0.5,28.023213858674108,5.8118608622154015,28.023213858674108,27.362085659694756,9.766395468124298,0,97663.95468124298,27.362085659694756
2330.0,15.83361323719619,28.013954764695857,158336.1323719619,50.0,0.5,28.04473437899693,5.81846200697537,28.04473437899693,27.384619903000132,9.793780088027297,0,97937.80088027297,27.384619903000132
2340.0,15.855577740615109,28.035496581079673,158555.7774061511,50.0,0.5,28.066222452906747,5.825053041169932,28.066222452906747,27.407119033450538,9.821187207060749,0,98211.87207060748,27.407119033450538
2350.0,15.877520734744694,28.057005870414212,158775.20734744694,50.0,0.5,28.087678163061955,5.8316339913395385,28.087678163061955,27.429583146101262,9.84861679020685,0,98486.1679020685,27.429583146101262
2360.0,15.899442252028877,28.078482715817046,158994.42252028876,50.0,0.5,28.109101591813626,5.838204883899921,28.109101591813626,27.45201233577538,9.876068802542626,0,98760.68802542625,27.45201233577538
2370.0,15.921342324828778,28.099927200097163,159213.42324828779,50.0,0.5,28.1304928212091,5.844765745141922,28.1304928212091,27.474406697008984,9.903543209239633,0,99035.43209239634,27.474406697008984
2380.0,15.94322098542302,28.121339405757766,159432.2098542302,50.0,0.5,28.151851932994756,5.851316601231856,28.151851932994756,27.496766324001328,9.931039975563635,0,99310.39975563635,27.496766324001328
2390.0,15.965078266008021,28.142719414998304,159650.7826600802,50.0,0.5,28.173179008617993,5.857857478212333,28.173179008617993,27.519091310570346,9.958559066874205,0,99585.59066874205,27.519091310570346
2400.0,15.986914198698305,28.16406730971586,159869.14198698304,50.0,0.5,28.19447412922857,5.864388402003479,28.19447412922857,27.541381750113903,9.986100448624319,0,99861.00448624318,27.541381750113903
2410.0,16.008728815526798,28.185383171505933,160087.28815526798,50.0,0.5,28.215737375679375,5.870909398404502,28.215737375679375,27.563637735577053,10.013664086359896,0,100136.64086359895,27.563637735577053
2420.0,16.030522148445137,28.20666708166276,160305.22148445135,50.0,0.5,28.23696882852671,5.8774204930955145,28.23696882852671,27.585859359425463,10.04124994571932,0,100412.4994571932,27.585859359425463
2430.0,16.052294229323955,28.227919121179273,160522.94229323955,50.0,0.5,28.258168568030168,5.883921711639565,28.258168568030168,27.608046713625118,10.068857992432946,0,100688.57992432946,27.608046713625118
2440.0,16.07404508995321,28.249139370746693,160740.4508995321,50.0,0.5,28.27933667415229,5.890413079484805,28.27933667415229,27.630199889628283,10.096488192322575,0,100964.88192322574,27.630199889628283
2450.0,16.095774762042453,28.270327910754066,160957.74762042455,50.0,0.5,28.300473226557965,5.8968946219667275,28.300473226557965,27.65231897836575,10.12414051130094,0,101241.4051130094,27.65231897836575
2460.0,16.11748327722117,28.291484821287536,161174.83277221167,50.0,0.5,28.321578304613755,5.903366364310413,28.321578304613755,27.674404070245213,10.151814915371187,0,101518.14915371186,27.674404070245213
2470.0,16.139170667039036,28.31261018212973,161391.70667039035,50.0,0.5,28.34265198738718,5.909828331632739,28.34265198738718,27.69645525515459,10.17951137062634,0,101795.11370626341,27.69645525515459
2480.0,16.16083696296628,28.33370407275911,161608.36962966277,50.0,0.5,28.363694353646114,5.916280548944507,28.363694353646114,27.718472622469267,10.20722984324881,0,102072.2984324881,27.718472622469267
2490.0,16.182482196393927,28.354766572349504,161824.8219639393,50.0,0.5,28.384705481858195,5.922723041152467,28.384705481858195,27.74045626106228,10.234970299509872,0,102349.70299509872,27.74045626106228
2500.0,16.20410639863416,28.37579775976968,162041.06398634159,50.0,0.5,28.405685450190482,5.929155833061204,28.405685450190482,27.76240625931678,10.262732705769189,0,102627.32705769189,27.76240625931678
2510.0,16.225709600920577,28.39679771358323,162257.09600920576,50.0,0.5,28.426634336509196,5.9355789493748965,28.426634336509196,27.78432270513989,10.29051702847433,0,102905.17028474329,27.78432270513989
2520.0,16.24729183440853,28.417766512048498,162472.91834408528,50.0,0.5,28.447552218379695,5.941992414698917,28.447552218379695,27.80620568597767,10.318323234160307,0,103183.23234160307,27.80620568597767
2530.0,16.26885313017541,28.438704233118823,162688.5313017541,50.0,0.5,28.46843917306664,5.948396253541278,28.46843917306664,27.828055288830456,10.346151289449137,0,103461.51289449137,27.828055288830456
2540.0,16.290393519220967,28.459610954442905,162903.93519220967,50.0,0.5,28.489295277534367,5.954790490313939,28.489295277534367,27.849871600268315,10.374001161049407,0,103740.01161049405,27.849871600268315
2550.0,16.3119130324676,28.480486753365426,163119.13032467602,50.0,0.5,28.510120608447437,5.96117514933395,28.510120608447437,27.871654706446243,10.401872815755851,0,104018.72815755852,27.871654706446243
2560.0,16.333411700760674,28.501331706927818,163334.11700760675,50.0,0.5,28.530915242171417,5.967550254824476,28.530915242171417,27.893404693118857,10.429766220448972,0,104297.66220448971,27.893404693118857
2570.0,16.354889554868805,28.52214589186923,163548.89554868804,50.0,0.5,28.55167925477377,5.97391583091567,28.55167925477377,27.915121645654335,10.457681342094626,0,104576.81342094626,27.915121645654335
2580.0,16.376346625484178,28.542929384627676,163763.46625484177,50.0,0.5,28.572412722025007,5.9802719016454455,28.572412722025007,27.93680564904752,10.485618147743674,0,104856.18147743674,27.93680564904752
2590.0,16.397782943222836,28.563682261341302,163977.82943222835,50.0,0.5,28.5931157193999,5.986618490960124,28.5931157193999,27.95845678793202,10.513576604531607,0,105135.76604531606,27.95845678793202
2600.0,16.419198538624983,28.584404597849815,164191.98538624984,50.0,0.5,28.61378832207889,5.992955622715002,28.61378832207889,27.980075146591183,10.541556679678198,0,105415.56679678198,27.980075146591183
2610.0,16.440593442155286,28.605096469696015,164405.93442155287,50.0,0.5,28.63443060494959,5.999283320674817,28.63443060494959,28.00166080896805,10.569558340487166,0,105695.58340487165,28.00166080896805
2620.0,16.46196768420316,28.62575795212744,164619.6768420316,50.0,0.5,28.655042642608375,6.0056016085141595,28.655042642608375,28.023213858674108,10.59758155434584,0,105975.81554345839,28.023213858674108
2630.0,16.483321295083062,28.646389120098068,164833.2129508306,50.0,0.5,28.675624509362088,6.011910509817811,28.675624509362088,28.04473437899693,10.625626288724836,0,106256.26288724836,28.04473437899693
2640.0,16.50465430503479,28.6669900482701,165046.54305034791,50.0,0.5,28.696176279229757,6.018210048081041,28.696176279229757,28.066222452906747,10.653692511177741,0,106536.92511177743,28.066222452906747
2650.0,16.525966744223776,28.687560811015814,165259.66744223775,50.0,0.5,28.716698025944453,6.0245002467098665,28.716698025944453,28.087678163061955,10.681780189340806,0,106817.80189340805,28.087678163061955
2660.0,16.547258642741355,28.708101482419412,165472.58642741357,50.0,0.5,28.73718982295505,6.030781129021281,28.73718982295505,28.109101591813626,10.709889290932619,0,107098.89290932618,28.109101591813626
2670.0,16.56853003060508,28.7286121362789,165685.30030605078,50.0,0.5,28.757651743428156,6.037052718243472,28.757651743428156,28.1304928212091,10.738019783753828,0,107380.19783753828,28.1304928212091
2680.0,16.58978093775897,28.749092846108013,165897.8093775897,50.0,0.5,28.77808386024991,6.043315037516024,28.77808386024991,28.151851932994756,10.76617163568682,0,107661.71635686822,28.151851932994756
2690.0,16.61101139407383,28.769543685138046,166110.11394073832,50.0,0.5,28.798486246027878,6.049568109890123,28.798486246027878,28.173179008617993,10.794344814695439,0,107943.4481469544,28.173179008617993
2700.0,16.63222142934751,28.789964726319784,166322.21429347512,50.0,0.5,28.818858973092876,6.055811958328766,28.818858973092876,28.19447412922857,10.822539288824668,0,108225.39288824669,28.19447412922857
2710.0,16.653411073305186,28.81035604232532,166534.11073305187,50.0,0.5,28.839202113500807,6.06204660570698,28.839202113500807,28.215737375679375,10.850755026200348,0,108507.55026200348,28.215737375679375
2720.0,16.674580355599637,28.83071770554988,166745.80355599636,50.0,0.5,28.85951573903443,6.068272074812057,28.85951573903443,28.23696882852671,10.878991995028876,0,108789.91995028875,28.23696882852671
2730.0,16.695729305811522,28.851049788113592,166957.29305811523,50.0,0.5,28.879799921205098,6.0744883883438066,28.879799921205098,28.258168568030168,10.907250163596906,0,109072.50163596905,28.258168568030168
2740.0,16.716857953449658,28.871352361863245,167168.5795344966,50.0,0.5,28.900054731254528,6.0806955689148285,28.900054731254528,28.27933667415229,10.935529500271057,0,109355.29500271057,28.27933667415229
2750.0,16.737966327951284,28.89162549837398,167379.66327951284,50.0,0.5,28.920280240156405,6.086893639050813,28.920280240156405,28.300473226557965,10.963829973497614,0,109638.29973497614,28.300473226557965
2760.0,16.759054458682332,28.911869268950927,167590.54458682332,50.0,0.5,28.94047651861803,6.093082621190856,28.94047651861803,28.321578304613755,10.992151551802227,0,109921.51551802228,28.321578304613755
2770.0,16.7801223749377,28.932083744630823,167801.223749377,50.0,0.5,28.9606436370819,6.099262537687803,28.9606436370819,28.34265198738718,11.020494203789614,0,110204.94203789615,28.34265198738718
2780.0,16.801170105941516,28.952268996183562,168011.70105941518,50.0,0.5,28.98078166572723,6.105433410808614,28.98078166572723,28.363694353646114,11.048857898143261,0,110488.57898143261,28.363694353646114
2790.0,16.822197680847406,28.972425094113714,168221.97680847405,50.0,0.5,29.00089067447144,6.111595262734747,29.00089067447144,28.384705481858195,11.07724260362512,0,110772.4260362512,28.384705481858195
2800.0,16.843205128738745,28.992552108662,168432.05128738744,50.0,0.5,29.020970732971595,6.117748115562558,29.020970732971595,28.405685450190482,11.105648289075312,0,111056.4828907531,28.405685450190482
2810.0,16.864192478628937,29.012650109806707,168641.92478628937,50.0,0.5,29.041021910625826,6.123891991303725,29.041021910625826,28.426634336509196,11.13407492341182,0,111340.7492341182,28.426634336509196
2820.0,16.885159759461672,29.032719167265107,168851.59759461673,50.0,0.5,29.06104427657471,6.130026911885675,29.06104427657471,28.447552218379695,11.1625224756302,0,111625.22475630199,28.447552218379695
2830.0,16.906107000111177,29.05275935049482,169061.07000111177,50.0,0.5,29.081037899702572,6.136152899152035,29.081037899702572,28.46843917306664,11.190990914803265,0,111909.90914803266,28.46843917306664
2840.0,16.927034229382482,29.07277072869515,169270.34229382483,50.0,0.5,29.101002848638835,6.142269974863079,29.101002848638835,28.489295277534367,11.2194802100808,0,112194.80210080801,28.489295277534367
2850.0,16.947941476011675,29.092753370808385,169479.41476011675,50.0,0.5,29.12093919175928,6.148378160696197,29.12093919175928,28.510120608447437,11.247990330689248,0,112479.90330689249,28.510120608447437
2860.0,16.968828768666153,29.11270734552111,169688.28768666153,50.0,0.5,29.140846997187335,6.154477478246356,29.140846997187335,28.530915242171417,11.27652124593142,0,112765.2124593142,28.530915242171417
2870.0,16.98969613594489,29.132632721265438,169896.96135944888,50.0,0.5,29.160726332795296,6.1605679490265715,29.160726332795296,28.55167925477377,11.305072925186195,0,113050.72925186195,28.55167925477377
2880.0,17.01054360637867,29.152529566220316,170105.43606378668,50.0,0.5,29.180577266205557,6.166649594468377,29.180577266205557,28.572412722025007,11.33364533790822,0,113336.4533790822,28.572412722025007
2890.0,17.031371208430354,29.17239794831271,170313.71208430355,50.0,0.5,29.20039986479185,6.172722435922297,29.20039986479185,28.5931157193999,11.36223845362762,0,113622.38453627621,28.5931157193999
2900.0,17.052178970495138,29.192237935218884,170521.78970495137,50.0,0.5,29.220194195680435,6.178786494658312,29.220194195680435,28.61378832207889,11.390852241949698,0,113908.52241949699,28.61378832207889
2910.0,17.07296692090077,29.212049594365578,170729.66920900773,50.0,0.5,29.239960325751273,6.184841791866329,29.239960325751273,28.63443060494959,11.419486672554648,0,114194.86672554648,28.63443060494959
2920.0,17.09373508790784,29.231832992931235,170937.3508790784,50.0,0.5,29.259698321639235,6.190888348656638,29.259698321639235,28.655042642608375,11.448141715197256,0,114481.41715197256,28.655042642608375
2930.0,17.114483499709994,29.251588197847216,171144.83499709994,50.0,0.5,29.279408249735297,6.19692618606037,29.279408249735297,28.675624509362088,11.476817339706619,0,114768.17339706619,28.675624509362088
2940.0,17.135212184434195,29.271315275798976,171352.12184434195,50.0,0.5,29.299090176187686,6.20295532502995,29.299090176187686,28.696176279229757,11.505513515985848,0,115055.13515985849,28.696176279229757
2950.0,17.15592117014097,29.291014293227285,171559.2117014097,50.0,0.5,29.31874416690307,6.208975786439536,29.31874416690307,28.716698025944453,11.534230214011792,0,115342.30214011793,28.716698025944453
2960.0,17.17661048482464,29.310685316329412,171766.10484824638,50.0,0.5,29.338370287547722,6.214987591085463,29.338370287547722,28.73718982295505,11.562967403834747,0,115629.67403834748,28.73718982295505
2970.0,17.19728015641358,29.330328411060293,171972.8015641358,50.0,0.5,29.35796860354869,6.220990759686669,29.35796860354869,28.757651743428156,11.591725055578177,0,115917.25055578176,28.757651743428156
2980.0,17.217930212770447,29.349943643133766,172179.30212770446,50.0,0.5,29.37753918009497,6.22698531288512,29.37753918009497,28.77808386024991,11.620503139438426,0,116205.03139438426,28.77808386024991
2990.0,17.238560681692423,29.36953107802371,172385.60681692424,50.0,0.5,29.39708208213865,6.232971271246227,29.39708208213865,28.798486246027878,11.649301625684455,0,116493.01625684454,28.798486246027878
3000.0,17.259171590911457,29.389090780965265,172591.71590911457,50.0,0.5,29.416597374396094,6.23894865525926,29.416597374396094,28.818858973092876,11.678120484657546,0,116781.20484657546,28.818858973092876
3010.0,17.279762968094502,29.408622816955987,172797.629680945,50.0,0.5,29.436085121349098,6.2449174853377425,29.436085121349098,28.839202113500807,11.706959686771047,0,117069.59686771047,28.839202113500807
3020.0,17.300334840843746,29.428127250757065,173003.34840843745,50.0,0.5,29.455545387246037,6.250877781819859,29.455545387246037,28.85951573903443,11.735819202510081,0,117358.19202510081,28.85951573903443
3030.0,17.32088723669685,29.44760414689444,173208.8723669685,50.0,0.5,29.474978236103013,6.256829564968838,29.474978236103013,28.879799921205098,11.764699002431286,0,117646.99002431286,28.879799921205098
3040.0,17.34142018312719,29.46705356966004,173414.2018312719,50.0,0.5,29.494383731705053,6.262772854973343,29.494383731705053,28.900054731254528,11.793599057162542,0,117935.99057162541,28.900054731254528
3050.0,17.361933707544075,29.486475583112917,173619.33707544077,50.0,0.5,29.513761937607196,6.26870767194785,29.513761937607196,28.920280240156405,11.822519337402698,0,118225.19337402697,28.920280240156405
3060.0,17.382427837292994,29.505870251080406,173824.27837292996,50.0,0.5,29.53311291713569,6.274634035933027,29.53311291713569,28.94047651861803,11.851459813921316,0,118514.59813921315,28.94047651861803
3070.0,17.40290259965584,29.52523763715934,174029.02599655837,50.0,0.5,29.55243673338912,6.280551966896099,29.55243673338912,28.9606436370819,11.880420457558397,0,118804.20457558396,28.9606436370819
3080.0,17.42335802185112,29.544577804717136,174233.5802185112,50.0,0.5,29.571733449239495,6.2864614847312215,29.571733449239495,28.98078166572723,11.909401239224124,0,119094.01239224123,28.98078166572723
3090.0,17.443794131034224,29.56389081689299,174437.94131034226,50.0,0.5,29.59100312733348,6.2923626092598415,29.59100312733348,29.00089067447144,11.938402129898595,0,119384.02129898594,29.00089067447144
3100.0,17.464210954297627,29.58317673659902,174642.10954297628,50.0,0.5,29.610245830093433,6.29825536023106,29.610245830093433,29.020970732971595,11.967423100631567,0,119674.23100631566,29.020970732971595
3110.0,17.48460851867111,29.602435626521412,174846.08518671108,50.0,0.5,29.62946161971856,6.3041397573219875,29.62946161971856,29.041021910625826,11.996464122542193,0,119964.64122542192,29.041021910625826
3120.0,17.504986851121984,29.621667549121522,175049.86851121986,50.0,0.5,29.648650558186013,6.3100158201381005,29.648650558186013,29.06104427657471,12.025525166818765,0,120255.25166818766,29.06104427657471
3130.0,17.52534597855535,29.64087256663702,175253.45978555348,50.0,0.5,29.667812707252043,6.315883568213595,29.667812707252043,29.081037899702572,12.054606204718468,0,120546.06204718468,29.081037899702572
3140.0,17.545685927814265,29.660050741083047,175456.85927814266,50.0,0.5,29.686948128453025,6.321743021011737,29.686948128453025,29.101002848638835,12.083707207567107,0,120837.07207567107,29.101002848638835
3150.0,17.566006725680012,29.679202134253245,175660.06725680013,50.0,0.5,29.70605688310662,6.32759419792521,29.70605688310662,29.12093919175928,12.112828146758867,0,121128.28146758866,29.12093919175928
3160.0,17.58630839887229,29.69832680772095,175863.0839887229,50.0,0.5,29.725139032312818,6.333437118276465,29.725139032312818,29.140846997187335,12.141968993756054,0,121419.68993756054,29.140846997187335
3170.0,17.60659097404945,29.71742482284023,176065.9097404945,50.0,0.5,29.744194636955022,6.339271801318063,29.744194636955022,29.160726332795296,12.17112972008885,0,121711.2972008885,29.160726332795296
3180.0,17.626854477808703,29.73649624074698,176268.54477808703,50.0,0.5,29.76322375770114,6.345098266233019,29.76322375770114,29.180577266205557,12.200310297355056,0,122003.10297355056,29.180577266205557
3190.0,17.64709893668634,29.755541122360047,176470.98936686342,50.0,0.5,29.782226455004615,6.350916532135146,29.782226455004615,29.20039986479185,12.229510697219848,0,122295.10697219848,29.20039986479185
3200.0,17.667324377157957,29.774559528382245,176673.24377157958,50.0,0.5,29.801202789105513,6.3567266180693975,29.801202789105513,29.220194195680435,12.25873089141553,0,122587.30891415529,29.220194195680435
3210.0,17.687530825638657,29.793551519301456,176875.30825638658,50.0,0.5,29.82015282003155,6.362528543012201,29.82015282003155,29.239960325751273,12.28797085174128,0,122879.7085174128,29.239960325751273
3220.0,17.707718308483265,29.8125171553917,177077.18308483265,50.0,0.5,29.839076607599125,6.3683223258718,29.839076607599125,29.259698321639235,12.31723055006292,0,123172.3055006292,29.259698321639235
3230.0,17.72788685198655,29.831456496714132,177278.8685198655,50.0,0.5,29.857974211414373,6.374107985488591,29.857974211414373,29.279408249735297,12.346509958312655,0,123465.09958312655,29.279408249735297
3240.0,17.748036482383434,29.85036960311815,177480.36482383433,50.0,0.5,29.876845690874184,6.379885540635455,29.876845690874184,29.299090176187686,12.375809048488842,0,123758.09048488842,29.299090176187686
3250.0,17.76816722584919,29.869256534242382,177681.67225849192,50.0,0.5,29.89569110516721,6.385655010018096,29.89569110516721,29.31874416690307,12.405127792655746,0,124051.27792655745,29.31874416690307
3260.0,17.788279108499676,29.88811734951575,177882.79108499677,50.0,0.5,29.914510513274898,6.391416412275368,29.914510513274898,29.338370287547722,12.434466162943293,0,124344.66162943293,29.338370287547722
3270.0,17.80837215639152,29.90695210815846,178083.7215639152,50.0,0.5,29.93330397397246,6.397169765979606,29.93330397397246,29.35796860354869,12.463824131546842,0,124638.24131546842,29.35796860354869
3280.0,17.828446395522334,29.925760869183044,178284.46395522336,50.0,0.5,29.952071545829906,6.402915089636955,29.952071545829906,29.37753918009497,12.493201670726938,0,124932.01670726937,29.37753918009497
3290.0,17.84850185183094,29.944543691395342,178485.0185183094,50.0,0.5,29.97081328721301,6.408652401687698,29.97081328721301,29.39708208213865,12.522598752809076,0,125225.98752809076,29.39708208213865
3300.0,17.868538551197545,29.96330063339554,178685.38551197544,50.0,0.5,29.989529256284314,6.41438172050658,29.989529256284314,29.416597374396094,12.552015350183472,0,125520.15350183472,29.416597374396094
3310.0,17.888556519443966,29.982031753579125,178885.56519443967,50.0,0.5,30.008219511004082,6.42010306440313,30.008219511004082,29.436085121349098,12.581451435304821,0,125814.51435304822,29.436085121349098
3320.0,17.908555782333828,30.00073711013789,179085.55782333828,50.0,0.5,30.02688410913129,6.425816451621983,30.02688410913129,29.455545387246037,12.610906980692066,0,126109.06980692067,29.455545387246037
3330.0,17.928536365572768,30.019416761060924,179285.36365572768,50.0,0.5,30.045523108224586,6.431521900343198,30.045523108224586,29.474978236103013,12.64038195892817,0,126403.8195892817,29.474978236103013
3340.0,17.94849829480863,30.03807076413558,179484.9829480863,50.0,0.5,30.064136565643242,6.43721942868258,30.064136565643242,29.494383731705053,12.669876342659876,0,126698.76342659876,29.494383731705053
3350.0,17.968441595631685,30.05669917694843,179684.41595631684,50.0,0.5,30.08272453854813,6.442909054691989,30.08272453854813,29.513761937607196,12.699390104597482,0,126993.90104597482,29.513761937607196
3360.0,17.988366293574796,30.07530205688627,179883.66293574797,50.0,0.5,30.10128708390262,6.4485907963596585,30.10128708390262,29.53311291713569,12.728923217514618,0,127289.23217514619,29.53311291713569
3370.0,18.008272414113662,30.09387946113701,180082.7241411366,50.0,0.5,30.119824258473592,6.454264671610503,30.119824258473592,29.55243673338912,12.758475654248008,0,127584.75654248007,29.55243673338912
3380.0,18.02815998266697,30.112431446690717,180281.5998266697,50.0,0.5,30.138336118832303,6.459930698306431,30.138336118832303,29.571733449239495,12.788047387697246,0,127880.47387697246,29.571733449239495
3390.0,18.04802902459663,30.130958070340466,180480.2902459663,50.0,0.5,30.156822721355358,6.46558889424665,30.156822721355358,29.59100312733348,12.81763839082458,0,128176.3839082458,29.59100312733348
3400.0,18.067879565207946,30.149459388683347,180678.79565207945,50.0,0.5,30.175284122225637,6.471239277167973,30.175284122225637,29.610245830093433,12.847248636654673,0,128472.48636654673,29.610245830093433
3410.0,18.087711629749823,30.167935458121377,180877.11629749823,50.0,0.5,30.19372037743318,6.476881864745119,30.19372037743318,29.62946161971856,12.876878098274393,0,128768.78098274392,29.62946161971856
3420.0,18.107525243414962,30.18638633486243,181075.25243414962,50.0,0.5,30.212131542776145,6.48251667459102,30.212131542776145,29.648650558186013,12.90652674883258,0,129065.26748832579,29.648650558186013
3430.0,18.12732043134004,30.204812074921158,181273.2043134004,50.0,0.5,30.230517673861673,6.4881437242571165,30.230517673861673,29.667812707252043,12.93619456153983,0,129361.9456153983,29.667812707252043
3440.0,18.14709721860592,30.223212734119908,181470.9721860592,50.0,0.5,30.24887882610683,6.493763031233654,30.24887882610683,29.686948128453025,12.965881509668284,0,129658.81509668284,29.686948128453025
3450.0,18.16685563023783,30.241588368089655,181668.5563023783,50.0,0.5,30.26721505473947,6.499374612949983,30.26721505473947,29.70605688310662,12.99558756655139,0,129955.8756655139,29.70605688310662
3460.0,18.18659569120556,30.259939032270875,181865.95691205558,50.0,0.5,30.285526414799165,6.504978486774847,30.285526414799165,29.725139032312818,13.025312705583703,0,130253.12705583703,29.725139032312818
3470.0,18.206317426423645,30.27826478191448,182063.17426423644,50.0,0.5,30.30381296113804,6.510574670016677,30.30381296113804,29.744194636955022,13.055056900220658,0,130550.56900220658,29.744194636955022
3480.0,18.22602086075156,30.296565672082686,182260.2086075156,50.0,0.5,30.322074748421713,6.516163179923883,30.322074748421713,29.76322375770114,13.084820123978359,0,130848.2012397836,29.76322375770114
3490.0,18.24570601899391,30.314841757649937,182457.0601899391,50.0,0.5,30.340311831130144,6.521744033685138,30.340311831130144,29.782226455004615,13.114602350433364,0,131146.02350433363,29.782226455004615
3500.0,18.265372925900607,30.333093093303763,182653.72925900607,50.0,0.5,30.358524263558497,6.527317248429668,30.358524263558497,29.801202789105513,13.14440355322247,0,131444.0355322247,29.801202789105513
3510.0,18.285021606167064,30.35131973354568,182850.21606167062,50.0,0.5,30.376712099818025,6.532882841227533,30.376712099818025,29.82015282003155,13.174223706042502,0,131742.23706042502,29.82015282003155
3520.0,18.30465208443437,30.369521732692043,183046.5208443437,50.0,0.5,30.394875393836912,6.538440829089911,30.394875393836912,29.839076607599125,13.2040627826501,0,132040.627826501,29.839076607599125
3530.0,18.324264385289496,30.38769914487494,183242.64385289495,50.0,0.5,30.413014199361157,6.543991228969379,30.413014199361157,29.857974211414373,13.233920756861515,0,132339.20756861515,29.857974211414373
3540.0,18.343858533265454,30.40585202404305,183438.58533265453,50.0,0.5,30.431128569955405,6.549534057760191,30.431128569955405,29.876845690874184,13.263797602552389,0,132637.97602552388,29.876845690874184
3550.0,18.36343455284149,30.423980423962494,183634.3455284149,50.0,0.5,30.449218559003782,6.555069332298556,30.449218559003782,29.89569110516721,13.293693293657556,0,132936.93293657555,29.89569110516721
3560.0,18.382992468443277,30.4420843982177,183829.92468443274,50.0,0.5,30.467284219710784,6.560597069362915,30.467284219710784,29.914510513274898,13.32360780417083,0,133236.0780417083,29.914510513274898
3570.0,18.402532304443064,30.46016400021226,184025.3230444306,50.0,0.5,30.48532560510204,6.566117285674211,30.48532560510204,29.93330397397246,13.353541108144801,0,133535.41108144802,29.93330397397246
3580.0,18.422054085159893,30.47821928316974,184220.54085159893,50.0,0.5,30.50334276802522,6.571629997896164,30.50334276802522,29.952071545829906,13.383493179690632,0,133834.9317969063,29.952071545829906
3590.0,18.441557834859758,30.496250300134562,184415.57834859757,50.0,0.5,30.5213357611508,6.577135222635541,30.5213357611508,29.97081328721301,13.413463992977844,0,134134.63992977844,29.97081328721301
