time,upstream_reservoir_water_level,upstream_reservoir_outflow,upstream_reservoir_volume,gate_1_opening,gate_1_outflow,canal_water_level,canal_inflow,canal_outflow,downstream_reservoir_water_level,downstream_reservoir_outflow,downstream_reservoir_volume,upstream_reservoir_inflow,downstream_reservoir_inflow
0,10.0,0.0,100000.0,0.5,0.0,5.0,25.0,25.0,4.0,0,40000.0,,
0,10.030190911176938,19.809088823063014,100301.90911176938,0.5,19.86880425967215,4.745560541801924,19.86880425967215,24.957593423633654,4.0249575934236335,0,40249.57593423634,50.0,24.957593423633654
10,10.059825799063606,20.365112113331246,100598.25799063606,0.5,20.422133517091126,4.520661703460973,20.422133517091126,24.92011028391016,4.049877703707543,0,40498.77703707544,50.0,24.92011028391016
20,10.088976012536572,20.84978652703415,100889.76012536572,0.5,20.904576220919978,4.321544311907741,20.904576220919978,24.88692405198462,4.074764627759528,0,40747.64627759528,50.0,24.88692405198462
30,10.117700955783056,21.275056753516562,101177.00955783055,0.5,21.32797161971421,4.1450673317951585,21.32797161971421,24.857511221965858,4.099622138981494,0,40996.22138981494,50.0,24.857511221965858
40,10.146050729760896,21.65022602215899,101460.50729760896,0.5,21.701547803609564,3.988573277992367,21.701547803609564,24.831428879665392,4.12445356786116,0,41244.535678611595,50.0,24.831428879665392
50,10.174068035876507,21.982693884389924,101740.68035876506,0.5,22.03264915072056,3.8497908120942768,22.03264915072056,24.808298468682377,4.149261866329842,0,41492.61866329842,50.0,24.808298468682377
60,10.201789587175522,22.27844870098521,102017.89587175522,0.5,22.327222484410733,3.7267622508907237,22.327222484410733,24.787793708481786,4.174049660038324,0,41740.49660038324,50.0,24.787793708481786
70,10.229247179465794,22.54240770972859,102292.47179465793,0.5,22.590153102504008,3.6177883365447183,22.590153102504008,24.769631389424116,4.198819291427748,0,41988.19291427748,50.0,24.769631389424116
80,10.256468520813616,22.778658652178052,102564.68520813616,0.5,22.825503737298398,3.521385312472369,22.825503737298398,24.75356421874539,4.223572855646493,0,42235.728556464936,50.0,24.75356421874539
90,10.28347788510708,22.990635706535414,102834.7788510708,0.5,23.036688674815487,3.4362509879799767,23.036688674815487,24.739375164663322,4.248312230811157,0,42483.12230811157,50.0,24.739375164663322
100,10.310296634776554,23.181250330526506,103102.96634776554,0.5,23.22660333239872,3.361237508694129,23.22660333239872,24.72687291811568,4.273039103729273,0,42730.39103729273,50.0,24.72687291811568
110,10.33694364438528,23.35299039127428,103369.4364438528,0.5,23.397722485939553,3.295329222801098,23.397722485939553,24.715888203800176,4.297754991933073,0,42977.549919330726,50.0,24.715888203800176
120,10.363435647877582,23.507996507697687,103634.35647877582,0.5,23.55217595552484,3.237624483217197,23.55217595552484,24.70627074720286,4.322461262680275,0,43224.61262680275,50.0,24.70627074720286
130,10.38978752617199,23.648121705593173,103897.87526171989,0.5,23.691807774230572,3.1873205341441913,23.691807774230572,24.697886755690693,4.347159149435965,0,43471.59149435966,50.0,24.697886755690693
140,10.416012547527744,23.774978644245753,104160.12547527744,0.5,23.818223048966967,3.1437008462074774,23.818223048966967,24.690616807701243,4.371849766243667,0,43718.49766243667,50.0,24.690616807701243
150,10.442122570082807,23.889977444937333,104421.22570082807,0.5,23.93282550995047,3.106124418219835,23.93282550995047,24.684354069703307,4.39653412031337,0,43965.3412031337,50.0,24.684354069703307
160,10.468128213768077,23.994356314729636,104681.28213768077,0.5,24.036847918864613,3.0740166752030404,24.036847918864613,24.679002779200506,4.421213123092571,0,44212.131230925705,50.0,24.679002779200506
170,10.494039007190304,24.089206577772213,104940.39007190305,0.5,24.13137693158765,3.046861674494965,24.13137693158765,24.67447694574916,4.44588760003832,0,44458.8760003832,50.0,24.67447694574916
180,10.519863513874347,24.175493315958008,105198.63513874347,0.5,24.217373605626477,3.024195393166568,24.217373605626477,24.670699232194426,4.470558299270515,0,44705.582992705145,50.0,24.670699232194426
190,10.545609441348004,24.25407252634383,105456.09441348004,0.5,24.2956904512154,3.0055999164238063,24.2956904512154,24.66759998607063,4.495225899256585,0,44952.258992565854,50.0,24.66759998607063
200,10.571283735859446,24.3257054885578,105712.83735859446,0.5,24.367085713094806,2.990698382226658,24.367085713094806,24.66511639703777,4.519891015653623,0,45198.91015653623,50.0,24.66511639703777
210,10.596892664981908,24.39107087753839,105968.92664981908,0.5,24.432235413703594,2.9791505648712446,24.432235413703594,24.663191760811866,4.544554207414435,0,45445.542074144345,50.0,24.663191760811866
220,10.622441889942728,24.450775039181988,106224.41889942727,0.5,24.491743571898063,2.9706490017846097,24.491743571898063,24.66177483363076,4.569215982248065,0,45692.15982248065,50.0,24.66177483363076
230,10.647936529185076,24.505360757651562,106479.36529185076,0.5,24.5461509233197,2.9649155847443915,24.5461509233197,24.660819264124058,4.593876801512189,0,45938.76801512189,50.0,24.660819264124058
240,10.67338121440966,24.55531477541481,106733.8121440966,0.5,24.595942401463912,2.9616985502323185,24.595942401463912,24.660283091705377,4.618537084603894,0,46185.37084603894,50.0,24.660283091705377
250,10.698780140134648,24.60107427501161,106987.80140134649,0.5,24.641553586889255,2.9607698144563126,24.641553586889255,24.660128302409376,4.643197212906303,0,46431.97212906303,50.0,24.660128302409376
260,10.72413710764351,24.64303249113704,107241.37107643511,0.5,24.68337629193647,2.961922607325425,24.68337629193647,24.660320434554226,4.667857533340857,0,46678.575333408575,50.0,24.660320434554226
270,10.749455564053514,24.68154358999784,107494.55564053514,0.5,24.721763416957547,2.964969366783441,24.721763416957547,24.66082822779723,4.692518361568655,0,46925.18361568655,50.0,24.66082822779723
280,10.77473863712556,24.71692692795274,107747.3863712556,0.5,24.757033189307023,2.969739860742604,24.757033189307023,24.66162331012376,4.717179984878778,0,47171.799848787785,50.0,24.66162331012376
290,10.799989166343936,24.749470781625504,107999.89166343935,0.5,24.789472876678772,2.9760795086709515,24.789472876678772,24.662679918111817,4.7418426647968905,0,47418.4266479689,50.0,24.662679918111817
300,10.825209730718115,24.779435625820373,108252.09730718115,0.5,24.819342050631832,2.9838478788785556,24.819342050631832,24.66397464647975,4.76650663944337,0,47665.0663944337,50.0,24.66397464647975
310,10.850402673695317,24.807057022798343,108504.02673695316,0.5,24.846875463470642,2.9929173408781042,24.846875463470642,24.665486223479675,4.79117212566685,0,47911.7212566685,50.0,24.665486223479675
320,10.875570125519193,24.832548176123506,108755.70125519193,0.5,24.872285591369216,3.0031718549883295,24.872285591369216,24.66719530916471,4.815839320976014,0,48158.39320976014,50.0,24.66719530916471
330,10.90071402332534,24.856102193852966,109007.1402332534,0.5,24.89576488825135,3.014505883703369,24.89576488825135,24.669084313950552,4.840508405289965,0,48405.08405289965,50.0,24.669084313950552
340,10.925836129226411,24.877894098929122,109258.36129226412,0.5,24.91748778807062,3.026823411345686,24.91748778807062,24.671137235224272,4.865179542525189,0,48651.79542525189,50.0,24.671137235224272
350,10.950938046607478,24.89808261893432,109509.38046607477,0.5,24.93761248747252,3.0400370602175,24.93761248747252,24.67333951003624,4.889852882035225,0,48898.52882035225,50.0,24.67333951003624
360,10.976021234824831,24.91681178264758,109760.2123482483,0.5,24.956282536130722,3.0540672929164003,24.956282536130722,24.675677882152723,4.914528559917377,0,49145.285599173774,50.0,24.675677882152723
370,11.001087022477916,24.9342123469135,110010.87022477917,0.5,24.973628258144387,3.068841691725904,24.973628258144387,24.678140281954306,4.939206700199332,0,49392.06700199332,50.0,24.678140281954306
380,11.02613661940387,24.950403074047077,110261.3661940387,0.5,24.989768024616932,3.084294307064547,24.989768024616932,24.68071571784408,4.963887415917176,0,49638.874159171755,50.0,24.68071571784408
390,11.051171127526633,24.965491877237067,110511.71127526632,0.5,25.004809394791724,3.1003650679049257,25.004809394791724,24.683394177984145,4.98857081009516,0,49885.7081009516,50.0,24.683394177984145
400,11.076191550677551,24.979576849080363,110761.91550677552,0.5,25.018850140803746,3.116999247879452,25.018850140803746,24.68616654131323,5.013256976636473,0,50132.56976636473,50.0,24.68616654131323
410,11.101198803491148,24.992747186405797,111011.98803491147,0.5,25.031979169142936,3.1341469814908427,25.031979169142936,24.689024496915128,5.037946001133388,0,50379.46001133388,50.0,24.689024496915128
420,11.12619371946828,25.00508402286591,111261.9371946828,0.5,25.04427735025447,3.1517628254580825,25.04427735025447,24.691960470909667,5.062637961604298,0,50626.37961604298,50.0,24.691960470909667
430,11.15117705828894,25.016661179340467,111511.7705828894,0.5,25.05581826627432,3.1698053607654204,25.05581826627432,24.69496756012756,5.087332929164425,0,50873.32929164425,50.0,24.69496756012756
440,11.176149512447974,25.027545840965825,111761.49512447974,0.5,25.0666688856746,3.188236831453703,25.0666688856746,24.69803947190894,5.1120309686363345,0,51120.30968636334,50.0,24.69803947190894
450,11.20111171327943,25.037799168545753,112011.11713279429,0.5,25.076890172540995,3.207022816609012,25.076890172540995,24.70117046943482,5.136732139105769,0,51367.32139105769,50.0,24.70117046943482
460,11.226064236428243,25.047476851185916,112260.64236428242,0.5,25.086537637294896,3.2261319323706683,25.086537637294896,24.704355322061765,5.16143649442783,0,51614.364944278306,50.0,24.704355322061765
470,11.25100760682204,25.056629606202797,112510.0760682204,0.5,25.0956618348858,3.245535561105744,25.0956618348858,24.707589260184278,5.186144083688015,0,51861.44083688015,50.0,24.707589260184278
480,11.27594230319037,25.065303631670112,112759.4230319037,0.5,25.10430881579498,3.265207605185614,25.10430881579498,24.710867934197587,5.2108549516222125,0,52108.54951622213,50.0,24.710867934197587
490,11.300868762174005,25.0735410163665,113008.68762174004,0.5,25.112520534594868,3.285124263056553,25.112520534594868,24.714187377176078,5.235569138999389,0,52355.69138999389,50.0,24.714187377176078
500,11.32578738206264,25.081380111364243,113257.8738206264,0.5,25.120335220287124,3.3052638255248694,25.120335220287124,24.717543970920797,5.260286682970309,0,52602.866829703096,50.0,24.717543970920797
510,11.3506985261956,25.088855867039538,113506.985261956,0.5,25.127787712185068,3.325606490380949,25.127787712185068,24.72093441506348,5.285007617385373,0,52850.07617385373,50.0,24.72093441506348
520,11.375602526056719,25.096000138881372,113756.02526056718,0.5,25.13490976470444,3.3461341936689304,25.13490976470444,24.72435569894481,5.309731973084318,0,53097.319730843185,50.0,24.72435569894481
530,11.400499684091598,25.102841965120078,114004.99684091598,0.5,25.141730324072185,3.366830456071941,25.141730324072185,24.72780507601198,5.334459778160331,0,53344.597781603305,50.0,24.72780507601198
540,11.425390276272715,25.109407818883,114253.90276272714,0.5,25.148275779650515,3.3876802430292234,25.148275779650515,24.73128004050486,5.359191058200835,0,53591.91058200835,50.0,24.73128004050486
550,11.450274554435408,25.115721837306396,114502.74554435408,0.5,25.15457019229622,3.408669837332927,25.15457019229622,24.734778306222143,5.383925836507057,0,53839.25836507057,50.0,24.734778306222143
560,11.475152748405621,25.121806029786207,114751.52748405622,0.5,25.160635501930095,3.429786723070512,25.160635501930095,24.738297787178404,5.408664134294236,0,54086.641342942356,50.0,24.738297787178404
570,11.50002506793829,25.127680467331228,115000.25067938291,0.5,25.166491716272716,3.451019479885106,25.166491716272716,24.741836579980838,5.433405970874216,0,54334.05970874216,50.0,24.741836579980838
580,11.524891704483503,25.133363454786824,115248.91704483503,0.5,25.172157082508487,3.472357686622014,25.172157082508487,24.745392947770323,5.458151363821987,0,54581.51363821987,50.0,24.745392947770323
590,11.54975283279598,25.138871687523483,115497.5283279598,0.5,25.177648243466525,3.49379183351604,25.177648243466525,24.748965305585997,5.482900329127573,0,54829.00329127573,50.0,24.748965305585997
600,11.574608612401951,25.144220394028718,115746.08612401951,0.5,25.182980379751843,3.515313242152363,25.182980379751843,24.752552207025385,5.507652881334598,0,55076.52881334598,50.0,24.752552207025385
610,11.59945918893625,25.14942346570171,115994.59188936249,0.5,25.188167339121744,3.5369139925042488,25.188167339121744,24.75615233208403,5.532409033666682,0,55324.09033666682,50.0,24.75615233208403
620,11.624304695361223,25.15449357502519,116243.04695361224,0.5,25.193221754277786,3.558586856414683,25.193221754277786,24.759764476069105,5.557168798142751,0,55571.68798142751,50.0,24.759764476069105
630,11.649145253078046,25.159442283177196,116491.45253078047,0.5,25.198155150132337,3.580325236946744,25.198155150132337,24.763387539491116,5.581932185682242,0,55819.32185682242,50.0,24.763387539491116
640,11.673980972940003,25.164280138044575,116739.80972940003,0.5,25.20297804150833,3.6021231130798292,25.20297804150833,24.767020518846632,5.606699206201088,0,56066.99206201088,50.0,24.767020518846632
650,11.698811956176494,25.169016763509585,116988.11956176494,0.5,25.207700022140582,3.6239749892762236,25.207700022140582,24.770662498212697,5.631469868699301,0,56314.69868699301,50.0,24.770662498212697
660,11.723638295235695,25.173660940799476,117236.38295235694,0.5,25.212329845765925,3.645875849485474,25.212329845765925,24.77431264158091,5.656244181340882,0,56562.44181340882,50.0,24.77431264158091
670,11.748460074553078,25.178220682615308,117484.60074553078,0.5,25.216875500015966,3.6678211151929982,25.216875500015966,24.777970185865495,5.681022151526747,0,56810.221515267476,50.0,24.777970185865495
680,11.773277371252387,25.182703300689923,117732.77371252388,0.5,25.221344273760288,3.6898066071547233,25.221344273760288,24.78163443452578,5.705803785961273,0,57058.037859612734,50.0,24.78163443452578
690,11.798090255785024,25.18711546736515,117980.90255785023,0.5,25.22574281848814,3.7118285104916993,25.22574281848814,24.785304751748612,5.730589090713022,0,57305.89090713022,50.0,24.785304751748612
700,11.8228987925133,25.191463271724018,118228.987925133,0.5,25.230077204262678,3.733883342847769,25.230077204262678,24.78898055714129,5.755378071270163,0,57553.780712701635,50.0,24.78898055714129
710,11.847703040242536,25.195752270764828,118477.03040242536,0.5,25.234352970733,3.75596792533992,25.234352970733,24.792661320889984,5.780170732591054,0,57801.70732591054,50.0,24.792661320889984
720,11.872503052706477,25.199987536059563,118725.03052706477,0.5,25.238575173644954,3.7780793560550423,25.238575173644954,24.796346559342503,5.804967079150397,0,58049.670791503966,50.0,24.796346559342503
730,11.897298879010178,25.204173696298888,118972.98879010178,0.5,25.242748427251716,3.800214985868722,25.242748427251716,24.800035830978118,5.829767114981374,0,58297.671149813745,50.0,24.800035830978118
740,11.92209056403409,25.208314976089564,119220.90564034089,0.5,25.246876942988774,3.8223723963816476,25.246876942988774,24.80372873273027,5.854570843714105,0,58545.708437141046,50.0,24.80372873273027
750,11.946878148802753,25.212415231337193,119468.78148802753,0.5,25.250964564745015,3.8445493797873374,25.250964564745015,24.80742489663122,5.879378268610735,0,58793.782686107355,50.0,24.80742489663122
760,11.971661670821236,25.216477981516963,119716.61670821236,0.5,25.2550148010319,3.8667439205014205,25.2550148010319,24.811123986750232,5.904189392597486,0,59041.89392597486,50.0,24.811123986750232
770,11.996441164382128,25.22050643910822,119964.41164382128,0.5,25.25903085432531,3.888954178397705,25.25903085432531,24.814825696399616,5.929004218293886,0,59290.04218293886,50.0,24.814825696399616
780,12.021216660845685,25.224503536443635,120212.16660845684,0.5,25.263015647830276,3.9111784735099695,25.263015647830276,24.818529745584993,5.953822748039471,0,59538.22748039471,50.0,24.818529745584993
790,12.045988188895482,25.22847195020156,120459.88188895483,0.5,25.266971849896358,3.9334152720708637,25.266971849896358,24.822235878678477,5.97864498391815,0,59786.44983918149,50.0,24.822235878678477
800,12.070755774771733,25.232414123749557,120707.55774771734,0.5,25.270901896291004,3.9556631737706587,25.270901896291004,24.825943862295105,6.0034709277804446,0,60034.709277804446,50.0,24.825943862295105
810,12.095519442484205,25.236332287528715,120955.19442484205,0.5,25.274808010519866,3.977920900128911,25.274808010519866,24.82965348335481,6.0283005812637995,0,60283.005812637995,50.0,24.82965348335481
820,12.120279214006553,25.240228477651375,121202.79214006553,0.5,25.2786922223662,4.000187283881542,25.2786922223662,24.833364547313582,6.053133945811113,0,60531.33945811113,50.0,24.833364547313582
830,12.145035109453683,25.244104552869583,121450.35109453683,0.5,25.282556384806142,4.022461259294396,25.282556384806142,24.83707687654906,6.077971022687661,0,60779.71022687662,50.0,24.83707687654906
840,12.169787147243625,25.247962210057686,121697.87147243625,0.5,25.286402189442757,4.044741853322183,25.286402189442757,24.840790308887023,6.102811812996549,0,61028.118129965485,50.0,24.840790308887023
850,12.194535344245285,25.25180299833964,121945.35344245285,0.5,25.290231180589178,4.067028177538819,25.290231180589178,24.84450469625646,6.127656317692805,0,61276.56317692805,50.0,24.84450469625646
860,12.219279715913304,25.255628331980247,122192.79715913304,0.5,25.294044768119424,4.089319420771693,25.294044768119424,24.84821990346194,6.152504537596267,0,61525.04537596267,50.0,24.84821990346194
870,12.244020276411156,25.25943950214877,122440.20276411156,0.5,25.297844239195268,4.111614842378304,25.297844239195268,24.85193580706304,6.17735647340333,0,61773.5647340333,50.0,24.85193580706304
880,12.268757038723502,25.263237687653934,122687.57038723501,0.5,25.301630768967662,4.133913766109112,25.301630768967662,24.855652294351508,6.202212125697682,0,62022.12125697682,50.0,24.855652294351508
890,12.293490014758762,25.26702396474063,122934.90014758761,0.5,25.305405430342834,4.156215574505375,25.305405430342834,24.859369262417555,6.2270714949601,0,62270.714949600995,50.0,24.859369262417555
900,12.318219215442731,25.270799316030462,123182.1921544273,0.5,25.309169202894903,4.178519703785244,25.309169202894903,24.863086617297533,6.251934581577397,0,62519.34581577397,50.0,24.863086617297533
910,12.34294465080405,25.27456463868131,123429.44650804049,0.5,25.31292298099996,4.200825639175447,25.31292298099996,24.8668042731959,6.276801385850593,0,62768.01385850593,50.0,24.8668042731959
920,12.367666330052215,25.278320751834226,123676.66330052215,0.5,25.316667581259757,4.223132910649688,25.316667581259757,24.87052215177494,6.301671908002367,0,63016.71908002368,50.0,24.87052215177494
930,12.392384261648806,25.28206840341016,123923.84261648805,0.5,25.3204037492772,4.24544108903823,25.3204037492772,24.874240181506362,6.3265461481838745,0,63265.46148183874,50.0,24.874240181506362
940,12.41709845337249,25.285808276313375,124170.98453372491,0.5,25.32413216584041,4.267749782476281,25.32413216584041,24.87795829707937,6.351424106480954,0,63514.24106480953,50.0,24.87795829707937
950,12.441808912378399,25.28954099409348,124418.08912378398,0.5,25.32785345256716,4.290058633161627,25.32785345256716,24.88167643886026,6.376305782919814,0,63763.05782919814,50.0,24.88167643886026
960,12.466515645252285,25.293267126113467,124665.15645252285,0.5,25.331568177056763,4.312367314394511,25.331568177056763,24.885394552399077,6.401191177472212,0,64011.911774722124,50.0,24.885394552399077
970,12.491218658060017,25.29698719226695,124912.18658060017,0.5,25.335276857592635,4.334675527875183,25.335276857592635,24.889112587979188,6.426080290060192,0,64260.80290060191,50.0,24.889112587979188
980,12.515917956392734,25.300701667283967,125159.17956392733,0.5,25.338979967434707,4.356983001236614,25.338979967434707,24.892830500206095,6.4509731205603975,0,64509.731205603974,50.0,24.892830500206095
990,12.540613545408071,25.304410984661395,125406.13545408072,0.5,25.342677938737573,4.379289485791894,25.342677938737573,24.896548247631976,6.475869668808029,0,64758.696688080294,50.0,24.896548247631976
1000,12.56530542986782,25.308115540250675,125653.05429867821,0.5,25.34637116612709,4.401594754477602,25.34637116612709,24.900265792412927,6.500769934600442,0,65007.699346004425,50.0,24.900265792412927
1010,12.589993614172288,25.31181569553287,125899.93614172288,0.5,25.350060009965244,4.423898599976065,25.350060009965244,24.903983099996,6.525673917700438,0,65256.73917700438,50.0,24.903983099996
1020,12.61467810239168,25.31551178060834,126146.7810239168,0.5,25.353744799330485,4.446200833000915,25.353744799330485,24.907700138833476,6.550581617839272,0,65505.81617839272,50.0,24.907700138833476
1030,12.639358898294756,25.319204096925866,126393.58898294755,0.5,25.357425834738443,4.46850128073174,25.357425834738443,24.911416880121948,6.575493034719393,0,65754.93034719393,50.0,24.911416880121948
1040,12.664036005374982,25.322892919774105,126640.36005374981,0.5,25.361103390625605,4.490799785384813,25.361103390625605,24.915133297564125,6.6004081680169575,0,66004.08168016958,50.0,24.915133297564125
1050,12.688709426874425,25.326578500556064,126887.09426874426,0.5,25.364777717616704,4.5130962029080814,25.364777717616704,24.91884936715134,6.625327017384109,0,66253.27017384108,50.0,24.91884936715134
1060,12.713379165805561,25.330261068865415,127133.7916580556,0.5,25.36844904459463,4.5353904017895665,25.36844904459463,24.92256506696492,6.650249582451073,0,66502.49582451073,50.0,24.92256506696492
1070,12.738045224971179,25.33394083438215,127380.45224971179,0.5,25.372117580590174,4.557682261969331,25.372117580590174,24.92628037699488,6.675175862828068,0,66751.75862828067,50.0,24.92628037699488
1080,12.762707606982575,25.33761798860313,127627.07606982575,0.5,25.375783516507216,4.579971673845976,25.375783516507216,24.929995278974324,6.700105858107042,0,67001.05858107042,50.0,24.929995278974324
1090,12.787366314276154,25.341292706422067,127873.66314276154,0.5,25.37944702669781,4.602258537369456,25.37944702669781,24.933709756228236,6.72503956786327,0,67250.3956786327,50.0,24.933709756228236
1100,12.812021349128582,25.344965147571966,128120.21349128582,0.5,25.383108270400147,4.624542761212691,25.383108270400147,24.93742379353544,6.749976991656805,0,67499.76991656805,50.0,24.93742379353544
1110,12.83667271367064,25.348635457942095,128366.7271367064,0.5,25.38676739305144,4.646824262015137,25.38676739305144,24.941137377002516,6.774918129033807,0,67749.18129033808,50.0,24.941137377002516
1120,12.86132040989986,25.352303770780356,128613.2040989986,0.5,25.3904245274866,4.669102963692033,25.3904245274866,24.944850493948664,6.799862979527756,0,67998.62979527756,50.0,24.944850493948664
1130,12.885964439692069,25.35597020779111,128859.64439692069,0.5,25.394079795032596,4.691378796803634,25.394079795032596,24.948563132800597,6.824811542660557,0,68248.11542660557,50.0,24.948563132800597
1140,12.91060480481193,25.359634880137456,129106.04804811931,0.5,25.39773330650771,4.713651697979193,25.39773330650771,24.952275282996524,6.849763817943552,0,68497.63817943553,50.0,24.952275282996524
1150,12.935241506922573,25.363297889356446,129352.41506922574,0.5,25.40138516313385,4.735921609390961,25.40138516313385,24.955986934898487,6.874719804878451,0,68747.19804878451,50.0,24.955986934898487
1160,12.95987454759438,25.36695932819464,129598.7454759438,0.5,25.405035457369554,4.758188478273824,25.405035457369554,24.959698079712297,6.899679502958164,0,68996.79502958164,50.0,24.959698079712297
1170,12.984503928313009,25.370619281371063,129845.03928313009,0.5,25.40868427367059,4.780452256486632,25.40868427367059,24.963408709414434,6.924642911667579,0,69246.42911667579,50.0,24.963408709414434
1180,13.009129650486734,25.37427782627388,130091.29650486735,0.5,25.412331689184445,4.802712900111591,25.412331689184445,24.96711881668526,6.949610030484266,0,69496.10030484265,50.0,24.96711881668526
1190,13.033751715453139,25.377935033596437,130337.5171545314,0.5,25.41597777438446,4.824970369088411,25.41597777438446,24.970828394848063,6.974580858879113,0,69745.80858879113,50.0,24.970828394848063
1200,13.058370124485222,25.381590967918143,130583.70124485221,0.5,25.41962259364882,4.847224626880184,25.41962259364882,24.974537437813357,6.999555396316927,0,69995.55396316927,50.0,24.974537437813357
1210,13.082984878796987,25.385245688234797,130829.84878796987,0.5,25.423266205789346,4.8694756401682495,25.423266205789346,24.978245940028035,7.024533642256954,0,70245.33642256954,50.0,24.978245940028035
1220,13.107595979548542,25.38889924844288,131075.95979548543,0.5,25.426908664534217,4.891723378573515,25.426908664534217,24.981953896428912,7.049515596153384,0,70495.15596153383,50.0,24.981953896428912
1230,13.132203427850762,25.392551697781776,131322.0342785076,0.5,25.430550018968887,4.913967814401942,25.430550018968887,24.98566130240032,7.074501257455784,0,70745.01257455784,50.0,24.98566130240032
1240,13.156807224769523,25.396203081237623,131568.07224769524,0.5,25.434190313938593,4.936208922412105,25.434190313938593,24.989368153735345,7.09949062560952,0,70994.9062560952,50.0,24.989368153735345
1250,13.181407371329612,25.399853439912015,131814.07371329612,0.5,25.437829590416044,4.958446679602883,25.437829590416044,24.993074446600478,7.124483700056121,0,71244.83700056121,50.0,24.993074446600478
1260,13.206003868518255,25.403502811358788,132060.03868518255,0.5,25.44146788583706,4.980681065019573,25.44146788583706,24.996780177503258,7.149480480233624,0,71494.80480233624,50.0,24.996780177503258
1270,13.230596717288362,25.407151229891486,132305.96717288363,0.5,25.445105234407162,5.002912059576791,25.445105234407162,25.000485343262795,7.174480965576887,0,71744.80965576887,50.0,25.000485343262795
1280,13.255185918561498,25.41079872686422,132551.85918561497,0.5,25.448741667381512,5.0251396458967275,25.448741667381512,25.004189940982787,7.19948515551787,0,71994.8515551787,50.0,25.004189940982787
1290,13.27977147323057,25.414445330928064,132797.7147323057,0.5,25.452377213320567,5.0473638081614105,25.452377213320567,25.007893968026902,7.224493049485897,0,72244.93049485897,50.0,25.007893968026902
1300,13.304353382162304,25.41809106826529,133043.53382162304,0.5,25.45601189832355,5.069584531977774,25.45601189832355,25.011597421996296,7.249504646907894,0,72495.04646907894,50.0,25.011597421996296
1310,13.328931646199502,25.421735962803208,133289.316461995,0.5,25.459645746241666,5.091801804254403,25.459645746241666,25.015300300709068,7.274519947208603,0,72745.19947208602,50.0,25.015300300709068
1320,13.353506266163091,25.42538003640951,133535.06266163092,0.5,25.4632787788728,5.114015613088969,25.4632787788728,25.019002602181494,7.299538949810783,0,72995.38949810783,50.0,25.019002602181494
1330,13.378077242854022,25.429023309070622,133780.77242854022,0.5,25.46691101613938,5.136225947665393,25.46691101613938,25.0227043246109,7.324561654135394,0,73245.61654135394,50.0,25.0227043246109
1340,13.402644577054968,25.43266579905464,134026.44577054968,0.5,25.470542476250753,5.1584327981599305,25.470542476250753,25.02640546635999,7.3495880596017535,0,73495.88059601754,50.0,25.02640546635999
1350,13.427208269531908,25.436307523060073,134272.08269531908,0.5,25.474173175851515,5.180636155655378,25.474173175851515,25.030106025942565,7.374618165627696,0,73746.18165627697,50.0,25.030106025942565
1360,13.451768321035559,25.439948496351757,134517.68321035558,0.5,25.477803130156975,5.202836012062704,25.477803130156975,25.03380600201045,7.399651971629707,0,73996.51971629707,50.0,25.03380600201045
1370,13.476324732302674,25.443588732884944,134763.24732302674,0.5,25.481432353076872,5.225032360049469,25.481432353076872,25.03750539334158,7.4246894770230485,0,74246.89477023049,50.0,25.03750539334158
1380,13.500877504057254,25.447228245418625,135008.77504057254,0.5,25.485060857328378,5.247225192974433,25.485060857328378,25.041204198829075,7.449730681221878,0,74497.30681221878,50.0,25.041204198829075
1390,13.525426637011636,25.45086704561909,135254.26637011635,0.5,25.488688654539285,5.269414504827832,25.488688654539285,25.04490241747131,7.4747755836393495,0,74747.7558363935,50.0,25.04490241747131
1400,13.54997213186748,25.454505144154442,135499.7213186748,0.5,25.49231575534227,5.291600290176806,25.49231575534227,25.048600048362804,7.499824183687712,0,74998.24183687712,50.0,25.048600048362804
1410,13.5745139893167,25.458142550780963,135745.13989316698,0.5,25.49594216946098,5.313782544115559,25.49594216946098,25.05229709068593,7.524876480778398,0,75248.76480778398,50.0,25.05229709068593
1420,13.599052210042277,25.461779274421996,135990.52210042276,0.5,25.499567905788698,5.335961262219828,25.499567905788698,25.05599354370331,7.549932474322102,0,75499.32474322102,50.0,25.05599354370331
1430,13.623586794719035,25.465415323239984,136235.86794719036,0.5,25.50319297246009,5.358136440505287,25.50319297246009,25.059689406750888,7.574992163728853,0,75749.92163728853,50.0,25.059689406750888
1440,13.648117744014334,25.469050704702266,136481.17744014334,0.5,25.506817376916903,5.380308075389553,25.506817376916903,25.0633846792316,7.6000555484080845,0,76000.55548408085,50.0,25.0633846792316
1450,13.672645058588692,25.47268542564119,136726.45058588692,0.5,25.510441125967784,5.402476163657463,25.510441125967784,25.067079360609586,7.625122627768695,0,76251.22627768695,50.0,25.067079360609586
1460,13.697168739096384,25.47631949230899,136971.68739096384,0.5,25.514064225843097,5.424640702429372,25.514064225843097,25.070773450404904,7.650193401219099,0,76501.93401219099,50.0,25.070773450404904
1470,13.721688786185954,25.479952910427976,137216.88786185955,0.5,25.517686682244857,5.4468016891321795,25.517686682244857,25.074466948188704,7.675267868167289,0,76752.67868167289,50.0,25.074466948188704
1480,13.74620520050072,25.483585685236296,137462.0520050072,0.5,25.521308500392433,5.46895912147286,25.521308500392433,25.078159853578818,7.700346028020867,0,77003.46028020867,50.0,25.078159853578818
1490,13.770717982679189,25.487217821529804,137707.1798267919,0.5,25.524929685064222,5.491112997414286,25.524929685064222,25.08185216623572,7.725427880187103,0,77254.27880187103,50.0,25.08185216623572
1500,13.795227133355487,25.490849323700253,137952.27133355488,0.5,25.528550240635788,5.513263315153132,25.528550240635788,25.085543885858858,7.750513424072961,0,77505.13424072962,50.0,25.085543885858858
1510,13.819732653159718,25.494480195770237,138197.32653159718,0.5,25.532170171114654,5.5354100730997,25.532170171114654,25.089235012183284,7.775602659085146,0,77756.02659085146,50.0,25.089235012183284
1520,13.844234542718294,25.49811044142507,138442.34542718294,0.5,25.53578948017208,5.557553269859476,25.53578948017208,25.09292554497658,7.800695584630122,0,78006.95584630122,50.0,25.09292554497658
1530,13.868732802654254,25.501740064041908,138687.32802654253,0.5,25.539408171172138,5.57969290421628,25.539408171172138,25.09661548403605,7.825792200114159,0,78257.92200114159,50.0,25.09661548403605
1540,13.893227433587535,25.50536906671637,138932.27433587535,0.5,25.5430262471982,5.601828975116883,25.5430262471982,25.10030482918615,7.850892504943346,0,78508.92504943346,50.0,25.10030482918615
1550,13.917718436135246,25.508997452286845,139177.18436135247,0.5,25.54664371107722,5.623961481656935,25.54664371107722,25.103993580276157,7.875996498523622,0,78759.96498523622,50.0,25.103993580276157
1560,13.94220581091189,25.51262522335673,139422.0581091189,0.5,25.550260565401853,5.646090423068126,25.550260565401853,25.107681737178023,7.9011041802608,0,79011.041802608,50.0,25.107681737178023
1570,13.966689558529573,25.516252382314658,139666.89558529574,0.5,25.553876812550662,5.668215798706439,25.553876812550662,25.111369299784407,7.926215549560584,0,79262.15549560584,50.0,25.111369299784407
1580,13.991169679598222,25.519878931353098,139911.69679598222,0.5,25.55749245470665,5.6903376080414265,25.55749245470665,25.115056268006903,7.95133060582859,0,79513.3060582859,50.0,25.115056268006903
1590,14.015646174725735,25.523504872485233,140156.46174725736,0.5,25.561107493874058,5.712455850646409,25.561107493874058,25.1187426417744,7.976449348470365,0,79764.49348470365,50.0,25.1187426417744
1600,14.040119044518176,25.527130207560457,140401.19044518177,0.5,25.56472193189389,5.734570526189524,25.56472193189389,25.122428421031586,8.001571776891396,0,80015.71776891396,50.0,25.122428421031586
1610,14.064588289579898,25.530754938278513,140645.88289579898,0.5,25.568335770457892,5.756681634425539,25.568335770457892,25.12611360573759,8.026697890497134,0,80266.97890497134,50.0,25.12611360573759
1620,14.089053910513696,25.534379066202376,140890.53910513697,0.5,25.571949011121514,5.778789175188378,25.571949011121514,25.12979819586473,8.051827688692999,0,80518.27688692999,50.0,25.12979819586473
1630,14.113515907920927,25.538002592770074,141135.15907920926,0.5,25.575561655315614,5.80089314838429,25.575561655315614,25.13348219139738,8.076961170884395,0,80769.61170884396,50.0,25.13348219139738
1640,14.13797428240162,25.541625519305448,141379.7428240162,0.5,25.579173704357224,5.822993553985604,25.579173704357224,25.13716559233093,8.102098336476729,0,81020.98336476728,50.0,25.13716559233093
1650,14.162429034554592,25.545247847028005,141624.29034554592,0.5,25.582785159459362,5.845090392025031,25.582785159459362,25.140848398670833,8.1272391848754,0,81272.39184875399,50.0,25.140848398670833
1660,14.18688016497753,25.548869577061915,141868.8016497753,0.5,25.586396021739994,5.867183662590444,25.586396021739994,25.144530610431737,8.152383715485831,0,81523.83715485831,50.0,25.144530610431737
1670,14.211327674267086,25.55249071044423,142113.27674267086,0.5,25.590006292230232,5.889273365820121,25.590006292230232,25.14821222763668,8.177531927713467,0,81775.31927713468,50.0,25.14821222763668
1680,14.235771563018954,25.55611124813237,142357.71563018954,0.5,25.593615971881828,5.911359501898393,25.593615971881828,25.15189325031639,8.202683820963784,0,82026.83820963785,50.0,25.15189325031639
1690,14.260211831827945,25.55973119101102,142602.11831827945,0.5,25.597225061573987,5.933442071051663,25.597225061573987,25.155573678508606,8.227839394642293,0,82278.39394642293,50.0,25.155573678508606
1700,14.284648481288045,25.56335053989838,142846.48481288046,0.5,25.60083356211964,5.955521073544771,25.60083356211964,25.159253512257457,8.252998648154552,0,82529.98648154551,50.0,25.159253512257457
1710,14.309081511992492,25.56696929555187,143090.81511992493,0.5,25.60444147427116,5.977596509677682,25.60444147427116,25.162932751612942,8.278161580906165,0,82781.61580906164,50.0,25.162932751612942
1720,14.333510924533819,25.57058745867342,143335.1092453382,0.5,25.608048798725562,5.999668379782441,25.608048798725562,25.166611396630405,8.303328192302795,0,83033.28192302794,50.0,25.166611396630405
1730,14.357936719503906,25.574205029914186,143579.36719503906,0.5,25.611655536129263,6.0217366842204,25.611655536129263,25.170289447370063,8.328498481750163,0,83284.98481750164,50.0,25.170289447370063
1740,14.382358897494026,25.57782200987898,143823.58897494027,0.5,25.61526168708245,6.043801423379692,25.61526168708245,25.173966903896613,8.353672448654061,0,83536.72448654061,50.0,25.173966903896613
1750,14.406777459094897,25.581438399130196,144067.77459094897,0.5,25.618867252143083,6.065862597672906,25.618867252143083,25.177643766278816,8.37885009242034,0,83788.5009242034,50.0,25.177643766278816
1760,14.431192404896706,25.58505419819153,144311.92404896705,0.5,25.622472231830475,6.087920207534971,25.622472231830475,25.18132003458916,8.404031412454929,0,84040.31412454929,50.0,25.18132003458916
1770,14.455603735489154,25.588669407551244,144556.03735489154,0.5,25.62607662662867,6.109974253421228,25.62607662662867,25.184995708903532,8.429216408163832,0,84292.16408163833,50.0,25.184995708903532
1780,14.48001145146149,25.59228402766527,144800.1145146149,0.5,25.62968043698945,6.132024735805654,25.62968043698945,25.188670789300936,8.454405078953133,0,84544.05078953133,50.0,25.188670789300936
1790,14.504415553402527,25.595898058959957,145044.15553402528,0.5,25.63328366333511,6.1540716551792505,25.63328366333511,25.1923452758632,8.479597424228997,0,84795.97424228997,50.0,25.1923452758632
1800,14.528816041900694,25.599511501834613,145288.16041900695,0.5,25.636886306061015,6.176115012048564,25.636886306061015,25.19601916867475,8.504793443397674,0,85047.93443397673,50.0,25.19601916867475
1810,14.553212917544032,25.603124356663876,145532.12917544032,0.5,25.640488365537898,6.19815480693434,25.640488365537898,25.199692467822377,8.529993135865496,0,85299.93135865495,50.0,25.199692467822377
1820,14.577606180920235,25.606736623799776,145776.06180920234,0.5,25.64408984211397,6.220191040370287,25.64408984211397,25.203365173395035,8.555196501038889,0,85551.9650103889,50.0,25.203365173395035
1830,14.601995832616662,25.61034830357369,146019.9583261666,0.5,25.647690736116875,6.242223712901948,25.647690736116875,25.207037285483644,8.580403538324374,0,85804.03538324374,50.0,25.207037285483644
1840,14.626381873220362,25.61395939629816,146263.81873220362,0.5,25.651291047855448,6.264252825085674,25.651291047855448,25.210708804180932,8.605614247128555,0,86056.14247128555,50.0,25.210708804180932
1850,14.650764303318095,25.617569902268446,146507.64303318094,0.5,25.65489077762134,6.286278377487678,25.65489077762134,25.214379729581264,8.630828626858136,0,86308.28626858136,50.0,25.214379729581264
1860,14.67514312349633,25.621179821764088,146751.4312349633,0.5,25.658489925690464,6.308300370683176,25.658489925690464,25.218050061780513,8.656046676919917,0,86560.46676919916,50.0,25.218050061780513
1870,14.69951833434128,25.62478915505016,146995.1833434128,0.5,25.66208849232439,6.330318805255599,25.66208849232439,25.221719800875917,8.681268396720792,0,86812.68396720792,50.0,25.221719800875917
1880,14.723889936438901,25.62839790237861,147238.899364389,0.5,25.66568647777155,6.352333681795878,25.66568647777155,25.225388946965964,8.706493785667758,0,87064.93785667758,50.0,25.225388946965964
1890,14.748257930374912,25.632006063989305,147482.5793037491,0.5,25.669283882268367,6.3743450009017835,25.669283882268367,25.229057500150283,8.731722843167908,0,87317.22843167909,50.0,25.229057500150283
1900,14.772622316734799,25.635613640111117,147726.22316734798,0.5,25.672880706040274,6.39635276317732,25.672880706040274,25.23272546052954,8.756955568628438,0,87569.55568628438,50.0,25.23272546052954
1910,14.796983096103837,25.639220630962846,147969.83096103836,0.5,25.676476949302703,6.418356969232187,25.676476949302703,25.23639282820535,8.782191961456643,0,87821.91961456643,50.0,25.23639282820535
1920,14.821340269067083,25.642827036754102,148213.40269067083,0.5,25.680072612261878,6.440357619681272,25.680072612261878,25.240059603280198,8.807432021059924,0,88074.32021059924,50.0,25.240059603280198
1930,14.845693836209396,25.646432857686044,148456.93836209396,0.5,25.68366769511565,6.462354715144187,25.68366769511565,25.24372578585735,8.832675746845782,0,88326.75746845781,50.0,25.24372578585735
1940,14.870043798115445,25.650038093952173,148700.43798115445,0.5,25.687262198054203,6.484348256244857,25.687262198054203,25.247391376040795,8.857923138221821,0,88579.23138221822,50.0,25.247391376040795
1950,14.894390155369706,25.65364274573893,148943.90155369707,0.5,25.690856121260694,6.5063382436111326,25.690856121260694,25.251056373935175,8.883174194595757,0,88831.74194595758,50.0,25.251056373935175
1960,14.918732908556478,25.657246813226333,149187.3290855648,0.5,25.694449464911887,6.5283246778744415,25.694449464911887,25.254720779645726,8.908428915375403,0,89084.28915375403,50.0,25.254720779645726
1970,14.94307205825989,25.660850296588507,149430.7205825989,0.5,25.698042229178668,6.550307559669464,25.698042229178668,25.25838459327823,8.933687299968682,0,89336.8729996868,50.0,25.25838459327823
1980,14.967407605063897,25.6644531959942,149674.07605063898,0.5,25.701634414226564,6.572286889633844,25.701634414226564,25.26204781493896,8.95894934778362,0,89589.4934778362,50.0,25.26204781493896
1990,14.991739549552292,25.668055511607236,149917.3954955229,0.5,25.705226020216198,6.5942626684079215,25.705226020216198,25.26571044473464,8.984215058228354,0,89842.15058228355,50.0,25.26571044473464
2000,15.016067892308705,25.67165724358695,150160.67892308705,0.5,25.708817047303704,6.616234896634486,25.708817047303704,25.269372482772404,9.009484430711126,0,90094.84430711127,50.0,25.269372482772404
2010,15.040392633916614,25.675258392088537,150403.92633916615,0.5,25.712407495641116,6.638203574958554,25.712407495641116,25.273033929159748,9.034757464640286,0,90347.57464640286,50.0,25.273033929159748
2020,15.064713774959353,25.678858957263436,150647.13774959353,0.5,25.715997365376726,6.660168704027164,25.715997365376726,25.27669478400452,9.06003415942429,0,90600.34159424291,50.0,25.27669478400452
2030,15.089031316020092,25.682458939259654,150890.31316020092,0.5,25.71958665665537,6.68213028448919,25.71958665665537,25.280355047414858,9.085314514471705,0,90853.14514471705,50.0,25.280355047414858
2040,15.113345257681871,25.686058338222026,151133.4525768187,0.5,25.72317536961877,6.704088316995169,25.72317536961877,25.284014719499186,9.110598529191204,0,91105.98529191205,50.0,25.284014719499186
2050,15.137655600527577,25.68965715429251,151376.55600527578,0.5,25.726763504405746,6.7260428021971475,25.726763504405746,25.287673800366182,9.135886202991571,0,91358.8620299157,50.0,25.287673800366182
2060,15.161962345139967,25.693255387610424,151619.62345139968,0.5,25.73035106115252,6.747993740748536,25.73035106115252,25.291332290124746,9.161177535281695,0,91611.77535281696,50.0,25.291332290124746
2070,15.186265492101654,25.696853038312682,151862.65492101654,0.5,25.733938039992882,6.769941133303981,25.733938039992882,25.294990188883986,9.186472525470581,0,91864.7252547058,50.0,25.294990188883986
2080,15.210565041995121,25.70045010653396,152105.6504199512,0.5,25.737524441058444,6.791884980519244,25.737524441058444,25.298647496753194,9.211771172967333,0,92117.71172967333,50.0,25.298647496753194
2090,15.234860995402714,25.70404659240694,152348.60995402714,0.5,25.74111026447878,6.813825283051091,25.74111026447878,25.302304213841836,9.237073477181175,0,92370.73477181175,50.0,25.302304213841836
2100,15.259153352906651,25.70764249606244,152591.5335290665,0.5,25.744695510381636,6.835762041557197,25.744695510381636,25.30596034025952,9.262379437521435,0,92623.79437521435,50.0,25.30596034025952
2110,15.28344211508902,25.711237817629577,152834.4211508902,0.5,25.74828017889307,6.857695256696051,25.74828017889307,25.309615876115995,9.28768905339755,0,92876.8905339755,50.0,25.309615876115995
2120,15.307727282531783,25.714832557235916,153077.27282531784,0.5,25.751864270137578,6.879624929126873,25.751864270137578,25.313270821521133,9.31300232421907,0,93130.02324219071,50.0,25.313270821521133
2130,15.332008855816778,25.718426715007613,153320.08855816777,0.5,25.755447784238267,6.901551059509541,25.755447784238267,25.316925176584913,9.338319249395656,0,93383.19249395657,50.0,25.316925176584913
2140,15.356286835525708,25.72202029106952,153562.8683552571,0.5,25.759030721316922,6.923473648504516,25.759030721316922,25.32057894141741,9.363639828337075,0,93636.39828337074,50.0,25.32057894141741
2150,15.380561222240164,25.72561328554527,153805.61222240163,0.5,25.762613081494155,6.945392696772785,25.762613081494155,25.324232116128787,9.388964060453203,0,93889.64060453203,50.0,25.324232116128787
2160,15.404832016541604,25.729205698557426,154048.32016541605,0.5,25.766194864889478,6.967308204975795,25.766194864889478,25.32788470082929,9.414291945154032,0,94142.91945154032,50.0,25.32788470082929
2170,15.429099219011379,25.732797530227547,154290.9921901138,0.5,25.769776071621433,6.989220173775404,25.769776071621433,25.331536695629225,9.439623481849662,0,94396.23481849661,50.0,25.331536695629225
2180,15.453362830230702,25.73638878067627,154533.628302307,0.5,25.77335670180762,7.011128603833837,25.77335670180762,25.335188100638966,9.464958669950299,0,94649.586699503,50.0,25.335188100638966
2190,15.477622850780678,25.73997945002338,154776.22850780678,0.5,25.77693675556481,7.033033495813632,25.77693675556481,25.338838915968932,9.490297508866268,0,94902.97508866269,50.0,25.338838915968932
2200,15.50187928124229,25.74356953838791,155018.7928124229,0.5,25.780516233009013,7.054934850377602,25.780516233009013,25.342489141729594,9.515639998007998,0,95156.39998007998,50.0,25.342489141729594
2210,15.526132122196403,25.747159045888164,155261.32122196403,0.5,25.784095134255526,7.076832668188806,25.784095134255526,25.34613877803146,9.54098613678603,0,95409.8613678603,50.0,25.34613877803146
2220,15.550381374223761,25.75074797264181,155503.8137422376,0.5,25.787673459419004,7.098726949910502,25.787673459419004,25.349787824985075,9.566335924611014,0,95663.35924611015,50.0,25.349787824985075
2230,15.574627037904992,25.754336318765905,155746.27037904994,0.5,25.791251208613506,7.120617696206128,25.791251208613506,25.35343628270101,9.591689360893715,0,95916.89360893716,50.0,25.35343628270101
2240,15.598869113820616,25.757924084376963,155988.69113820617,0.5,25.794828381952552,7.142504907739261,25.794828381952552,25.357084151289865,9.617046445045005,0,96170.46445045006,50.0,25.357084151289865
2250,15.623107602551027,25.76151126959101,156231.07602551027,0.5,25.79840497954917,7.164388585173607,25.79840497954917,25.360731430862256,9.642407176475869,0,96424.07176475869,50.0,25.360731430862256
2260,15.647342504676505,25.765097874523587,156473.42504676504,0.5,25.801981001515898,7.186268729172962,25.801981001515898,25.364378121528812,9.667771554597397,0,96677.71554597397,50.0,25.364378121528812
2270,15.671573820777214,25.768683899289815,156715.73820777214,0.5,25.80555644796488,7.208145340401196,25.80555644796488,25.368024223400184,9.693139578820798,0,96931.39578820797,50.0,25.368024223400184
2280,15.69580155143321,25.772269344004417,156958.0155143321,0.5,25.80913131900786,7.230018419522239,25.80913131900786,25.371669736587023,9.718511248557384,0,97185.11248557385,50.0,25.371669736587023
2290,15.720025697224427,25.775854208781773,157200.25697224427,0.5,25.81270561475623,7.251887967200051,25.81270561475623,25.37531466119999,9.743886563218584,0,97438.86563218584,50.0,25.37531466119999
2300,15.74424625873069,25.779438493735917,157442.46258730692,0.5,25.81627933532105,7.273753984098615,25.81627933532105,25.378958997349752,9.769265522215935,0,97692.65522215934,50.0,25.378958997349752
2310,15.768463236531712,25.78302219898058,157684.6323653171,0.5,25.819852480813083,7.295616470881921,25.819852480813083,25.38260274514697,9.794648124961082,0,97946.48124961082,50.0,25.38260274514697
2320,15.792676631207083,25.78660532462921,157926.76631207083,0.5,25.823425051342795,7.317475428213945,25.823425051342795,25.386245904702307,9.820034370865784,0,98200.34370865785,50.0,25.386245904702307
2330,15.816886443336287,25.790187870795,158168.86443336288,0.5,25.826997047020416,7.339330856758645,25.826997047020416,25.389888476126423,9.845424259341911,0,98454.24259341911,50.0,25.389888476126423
2340,15.841092673498697,25.793769837590887,158410.92673498698,0.5,25.83056846795593,7.361182757179943,25.83056846795593,25.393530459529973,9.870817789801443,0,98708.17789801442,50.0,25.393530459529973
2350,15.865295322273568,25.797351225129603,158652.95322273567,0.5,25.8341393142591,7.383031130141718,25.8341393142591,25.3971718550236,9.896214961656465,0,98962.14961656465,50.0,25.3971718550236
2360,15.889494390240044,25.800932033523665,158894.94390240044,0.5,25.837709586039484,7.404875976307794,25.837709586039484,25.40081266271795,9.921615774319182,0,99216.15774319183,50.0,25.40081266271795
2370,15.91368987797716,25.8045122628854,159136.89877977158,0.5,25.841279283406458,7.426717296341935,25.841279283406458,25.40445288272364,9.947020227201905,0,99470.20227201906,50.0,25.40445288272364
2380,15.937881786063832,25.80809191332696,159378.81786063832,0.5,25.844848406469218,7.448555090907831,25.844848406469218,25.40809251515129,9.972428319717057,0,99724.28319717057,50.0,25.40809251515129
2390,15.962070115078873,25.81167098496033,159620.70115078872,0.5,25.84841695533681,7.470389360669096,25.84841695533681,25.4117315601115,9.99784005127717,0,99978.4005127717,50.0,25.4117315601115
2400,15.986254865600975,25.81524947789735,159862.54865600975,0.5,25.851984930118107,7.492220106289259,25.851984930118107,25.415370017714864,10.023255421294884,0,100232.55421294885,50.0,25.415370017714864
2410,16.010436038208724,25.818827392249702,160104.36038208724,0.5,25.855552330921874,7.514047328431756,25.855552330921874,25.41900788807195,10.048674429182956,0,100486.74429182957,50.0,25.41900788807195
2420,16.034613633480596,25.82240472812895,160346.13633480595,0.5,25.85911915785673,7.535871027759927,25.85911915785673,25.42264517129331,10.07409707435425,0,100740.97074354251,50.0,25.42264517129331
2430,16.058787651994948,25.825981485646544,160587.8765199495,0.5,25.86268541103117,7.557691204937011,25.86268541103117,25.42628186748949,10.09952335622174,0,100995.2335622174,50.0,25.42628186748949
2440,16.082958094330035,25.829557664913793,160829.58094330036,0.5,25.866251090553586,7.57950786062614,25.866251090553586,25.429917976771012,10.12495327419851,0,101249.53274198511,50.0,25.429917976771012
2450,16.107124961063995,25.83313326604192,161071.24961063993,0.5,25.869816196532263,7.601320995490333,25.869816196532263,25.43355349924838,10.150386827697758,0,101503.86827697759,50.0,25.43355349924838
2460,16.13128825277485,25.83670828914204,161312.8825277485,0.5,25.873380729075375,7.623130610192499,25.873380729075375,25.437188435032073,10.17582401613279,0,101758.2401613279,50.0,25.437188435032073
2470,16.155447970040523,25.84028273432516,161554.47970040524,0.5,25.876944688291022,7.6449367053954225,25.876944688291022,25.44082278423256,10.201264838917023,0,102012.64838917024,50.0,25.44082278423256
2480,16.17960411343882,25.84385660170222,161796.04113438822,0.5,25.880508074287217,7.666739281761769,25.880508074287217,25.444456546960286,10.226709295463984,0,102267.09295463984,50.0,25.444456546960286
2490,16.203756683547436,25.847429891384078,162037.56683547437,0.5,25.884070887171884,7.688538339954079,25.884070887171884,25.44808972332567,10.25215738518731,0,102521.5738518731,50.0,25.44808972332567
2500,16.227905680943955,25.85100260348149,162279.05680943956,0.5,25.887633127052876,7.710333880634768,25.887633127052876,25.451722313439117,10.277609107500748,0,102776.09107500748,50.0,25.451722313439117
2510,16.25205110620585,25.854574738105153,162520.5110620585,0.5,25.891194794037965,7.732125904466116,25.891194794037965,25.455354317411008,10.30306446181816,0,103030.6446181816,50.0,25.455354317411008
2520,16.276192959910485,25.858146295365692,162761.92959910486,0.5,25.89475588823486,7.753914412110273,25.89475588823486,25.4589857353517,10.328523447553511,0,103285.23447553512,50.0,25.4589857353517
2530,16.300331242635114,25.861717275373664,163003.31242635113,0.5,25.898316409751224,7.775699404229258,25.898316409751224,25.462616567371533,10.353986064120885,0,103539.86064120884,50.0,25.462616567371533
2540,16.32446595495687,25.865287678239568,163244.65954956872,0.5,25.90187635869462,7.797480881484948,25.90187635869462,25.466246813580817,10.379452310934465,0,103794.52310934465,50.0,25.466246813580817
2550,16.3485970974528,25.868857504073823,163485.970974528,0.5,25.90543573517259,7.819258844539086,25.90543573517259,25.469876474089837,10.404922187408555,0,104049.22187408555,50.0,25.469876474089837
2560,16.37272467069981,25.872426752986826,163727.24670699812,0.5,25.9089945392926,7.841033294053273,25.9089945392926,25.47350554900887,10.430395692957564,0,104303.95692957564,50.0,25.47350554900887
2570,16.396848675274725,25.875995425088874,163968.48675274724,0.5,25.912552771162083,7.862804230688969,25.912552771162083,25.477134038448153,10.455872826996012,0,104558.72826996012,50.0,25.477134038448153
2580,16.420969111754232,25.87956352049026,164209.69111754233,0.5,25.916110430888388,7.884571655107493,25.916110430888388,25.480761942517905,10.481353588938529,0,104813.5358893853,50.0,25.480761942517905
2590,16.445085980714932,25.883131039301176,164450.85980714933,0.5,25.91966751857886,7.906335567970019,25.91966751857886,25.484389261328324,10.506837978199858,0,105068.37978199858,50.0,25.484389261328324
2600,16.4691992827333,25.88669798163182,164691.99282733302,0.5,25.92322403434076,7.928095969937577,25.92322403434076,25.488015994989585,10.532325994194847,0,105323.25994194848,50.0,25.488015994989585
2610,16.49330901838571,25.89026434759229,164933.0901838571,0.5,25.926779978281328,7.949852861671052,25.926779978281328,25.49164214361183,10.55781763633846,0,105578.1763633846,50.0,25.49164214361183
2620,16.517415188248417,25.893830137292674,165174.15188248418,0.5,25.93033535050775,7.9716062438311805,25.93033535050775,25.495267707305185,10.583312904045766,0,105833.12904045766,50.0,25.495267707305185
2630,16.541517792897576,25.897395350843002,165415.17792897575,0.5,25.933890151127166,7.993356117078552,25.933890151127166,25.49889268617975,10.608811796731946,0,106088.11796731946,50.0,25.49889268617975
2640,16.56561683290922,25.900959988353268,165656.1683290922,0.5,25.9374443802467,8.015102482073607,25.9374443802467,25.502517080345594,10.634314313812292,0,106343.14313812292,50.0,25.502517080345594
2650,16.589712308859287,25.90452404993342,165897.12308859287,0.5,25.940998037973408,8.036845339476638,25.940998037973408,25.506140889912764,10.659820454702205,0,106598.20454702205,50.0,25.506140889912764
2660,16.61380422132359,25.908087535693372,166138.04221323592,0.5,25.94455112441433,8.05858468994779,25.94455112441433,25.509764114991288,10.685330218817196,0,106853.30218817196,50.0,25.509764114991288
2670,16.63789257087785,25.911650445742993,166378.9257087785,0.5,25.948103639676468,8.080320534147056,25.948103639676468,25.513386755691165,10.710843605572887,0,107108.43605572887,50.0,25.513386755691165
2680,16.661977358097655,25.915212780192114,166619.77358097656,0.5,25.951655583866767,8.102052872734275,25.951655583866767,25.51700881212237,10.73636061438501,0,107363.6061438501,50.0,25.51700881212237
2690,16.686058583558506,25.918774539150537,166860.58583558505,0.5,25.95520695709217,8.12378170636914,25.95520695709217,25.520630284394848,10.761881244669404,0,107618.81244669405,50.0,25.520630284394848
2700,16.710136247835777,25.922335722728025,167101.36247835777,0.5,25.958757759459555,8.145507035711193,25.958757759459555,25.524251172618523,10.787405495842023,0,107874.05495842024,50.0,25.524251172618523
2710,16.734210351504743,25.925896331034295,167342.10351504743,0.5,25.96230799107579,8.167228861419817,25.96230799107579,25.527871476903293,10.812933367318927,0,108129.33367318928,50.0,25.527871476903293
2720,16.758280895140565,25.929456364179043,167582.80895140563,0.5,25.965857652047706,8.18894718415425,25.965857652047706,25.53149119735903,10.838464858516286,0,108384.64858516287,50.0,25.53149119735903
2730,16.78234787931829,25.933015822271926,167823.4787931829,0.5,25.969406742482086,8.210662004573576,25.969406742482086,25.535110334095585,10.863999968850383,0,108639.99968850383,50.0,25.535110334095585
2740,16.80641130461287,25.936574705422558,168064.11304612868,0.5,25.9729552624857,8.232373323336722,25.9729552624857,25.538728887222778,10.889538697737606,0,108895.38697737605,50.0,25.538728887222778
2750,16.83047117159913,25.940133013740542,168304.7117159913,0.5,25.97650321216529,8.254081141102466,25.97650321216529,25.542346856850404,10.915081044594455,0,109150.81044594456,50.0,25.542346856850404
2760,16.854527480851793,25.943690747335435,168545.27480851795,0.5,25.980050591627556,8.275785458529434,25.980050591627556,25.545964243088232,10.940627008837545,0,109406.27008837544,50.0,25.545964243088232
2770,16.878580232945477,25.947247906316747,168785.80232945477,0.5,25.983597400979164,8.297486276276091,25.983597400979164,25.549581046046008,10.966176589883592,0,109661.7658988359,50.0,25.549581046046008
2780,16.902629428454684,25.95080449079399,169026.29428454684,0.5,25.987143640326767,8.319183595000755,25.987143640326767,25.553197265833454,10.991729787149424,0,109917.29787149424,50.0,25.553197265833454
2790,16.926675067953806,25.954360500876618,169266.75067953806,0.5,25.99068930977698,8.340877415361591,25.99068930977698,25.55681290256026,11.017286600051985,0,110172.86600051985,50.0,25.55681290256026
2800,16.95071715201713,25.95791593667406,169507.1715201713,0.5,25.99423440943639,8.362567738016606,25.99423440943639,25.560427956336095,11.042847028008321,0,110428.4702800832,50.0,25.560427956336095
2810,16.974755681218834,25.961470798295714,169747.55681218836,0.5,25.997778939411553,8.384254563623653,25.997778939411553,25.564042427270603,11.068411070435591,0,110684.1107043559,50.0,25.564042427270603
2820,16.998790656132982,25.965025085850964,169987.90656132984,0.5,26.001322899809008,8.405937892840434,26.001322899809008,25.5676563154734,11.093978726751065,0,110939.78726751063,50.0,25.5676563154734
2830,17.022822077333533,25.968578799449137,170228.22077333534,0.5,26.00486629073525,8.427617726324494,26.00486629073525,25.571269621054075,11.119549996372118,0,111195.49996372117,50.0,25.571269621054075
2840,17.046849945394335,25.972131939199553,170468.49945394334,0.5,26.00840911229676,8.44929406473322,26.00840911229676,25.574882344122194,11.145124878716238,0,111451.24878716239,50.0,25.574882344122194
2850,17.07087426088912,25.97568450521149,170708.74260889122,0.5,26.011951364599987,8.470966908723854,26.011951364599987,25.578494484787303,11.170703373201025,0,111707.03373201026,50.0,25.578494484787303
2860,17.09489502439153,25.97923649759419,170948.9502439153,0.5,26.01549304775136,8.492636258953477,26.01549304775136,25.58210604315891,11.196285479244183,0,111962.85479244184,50.0,25.58210604315891
2870,17.118912236475072,25.982787916456896,171189.1223647507,0.5,26.019034161857256,8.514302116079016,26.019034161857256,25.5857170193465,11.221871196263532,0,112218.71196263531,50.0,25.5857170193465
2880,17.142925897713162,25.986338761908776,171429.25897713163,0.5,26.02257470702405,8.535964480757242,26.02257470702405,25.589327413459536,11.24746052367699,0,112474.6052367699,50.0,25.589327413459536
2890,17.166936008679105,25.989889034059008,171669.36008679104,0.5,26.026114683358095,8.557623353644773,26.026114683358095,25.592937225607457,11.273053460902597,0,112730.53460902597,50.0,25.592937225607457
2900,17.19094256994609,25.99343873301673,171909.42569946087,0.5,26.029654090965696,8.579278735398074,26.029654090965696,25.596546455899674,11.298650007358496,0,112986.50007358496,50.0,25.596546455899674
2910,17.214945582087196,25.996987858891043,172149.45582087195,0.5,26.033192929953145,8.600930626673453,26.033192929953145,25.60015510444557,11.324250162462942,0,113242.50162462941,50.0,25.60015510444557
2920,17.238945045675404,26.00053641179102,172389.45045675404,0.5,26.0367312004267,8.622579028127062,26.0367312004267,25.603763171354505,11.349853925634296,0,113498.53925634295,50.0,25.603763171354505
2930,17.26294096128358,26.004084391825717,172629.4096128358,0.5,26.04026890249261,8.644223940414902,26.04026890249261,25.60737065673581,11.375461296291032,0,113754.61296291031,50.0,25.60737065673581
2940,17.286933329484476,26.00763179910416,172869.33329484475,0.5,26.043806036257074,8.665865364192815,26.043806036257074,25.6109775606988,11.401072273851732,0,114010.7227385173,50.0,25.6109775606988
2950,17.31092215085074,26.011178633735337,173109.22150850738,0.5,26.047342601826273,8.687503300116491,26.047342601826273,25.614583883352747,11.426686857735083,0,114266.86857735083,50.0,25.614583883352747
2960,17.33490742595491,26.014724895828206,173349.0742595491,0.5,26.05087859930638,8.709137748841465,26.05087859930638,25.61818962480691,11.452305047359891,0,114523.05047359891,50.0,25.61818962480691
2970,17.35888915536942,26.01827058549171,173588.89155369418,0.5,26.054414028803524,8.730768711023115,26.054414028803524,25.62179478517052,11.477926842145061,0,114779.26842145062,50.0,25.62179478517052
2980,17.382867339666582,26.021815702834765,173828.67339666584,0.5,26.057948890423805,8.752396187316668,26.057948890423805,25.625399364552774,11.503552241509613,0,115035.52241509614,50.0,25.625399364552774
2990,17.406841979418616,26.025360247966237,174068.41979418616,0.5,26.061483184273317,8.77402017837719,26.061483184273317,25.62900336306286,11.529181244872678,0,115291.81244872678,50.0,25.62900336306286
3000,17.430813075197623,26.028904220994995,174308.13075197622,0.5,26.065016910458116,8.795640684859599,26.065016910458116,25.63260678080993,11.554813851653488,0,115548.13851653488,50.0,25.63260678080993
3010,17.454780627575595,26.03244762202986,174547.80627575592,0.5,26.06855006908423,8.817257707418655,26.06855006908423,25.636209617903102,11.58045006127139,0,115804.5006127139,50.0,25.636209617903102
3020,17.47874463712441,26.035990451179625,174787.44637124412,0.5,26.072082660257653,8.838871246708964,26.072082660257653,25.63981187445149,11.606089873145843,0,116060.89873145842,50.0,25.63981187445149
3030,17.50270510441586,26.039532708553054,175027.05104415858,0.5,26.075614684084385,8.860481303384974,26.075614684084385,25.643413550564155,11.631733286696406,0,116317.33286696406,50.0,25.643413550564155
3040,17.526662030021598,26.043074394258905,175266.620300216,0.5,26.07914614067037,8.882087878100986,26.07914614067037,25.647014646350158,11.657380301342755,0,116573.80301342756,50.0,25.647014646350158
3050,17.550615414513192,26.04661550840588,175506.15414513194,0.5,26.082677030121545,8.903690971511137,26.082677030121545,25.650615161918516,11.683030916504674,0,116830.30916504674,50.0,25.650615161918516
3060,17.57456525846209,26.050156051102675,175745.6525846209,0.5,26.086207352543813,8.925290584269417,26.086207352543813,25.654215097378227,11.708685131602053,0,117086.85131602052,50.0,25.654215097378227
3070,17.59851156243963,26.05369602245795,175985.1156243963,0.5,26.089737108043042,8.946886717029654,26.089737108043042,25.65781445283827,11.73434294605489,0,117343.4294605489,50.0,25.65781445283827
3080,17.622454327017053,26.057235422580327,176224.5432701705,0.5,26.093266296725123,8.968479370445532,26.093266296725123,25.661413228407582,11.760004359283297,0,117600.04359283297,50.0,25.661413228407582
3090,17.646393552765474,26.060774251578422,176463.93552765474,0.5,26.096794918695842,8.990068545170569,26.096794918695842,25.665011424195086,11.785669370707492,0,117856.69370707491,50.0,25.665011424195086
3100,17.670329240255914,26.06431250956081,176703.29240255913,0.5,26.10032297406103,9.011654241858137,26.10032297406103,25.66860904030968,11.811337979747801,0,118113.379797478,50.0,25.66860904030968
3110,17.69426139005928,26.067850196636037,176942.61390059278,0.5,26.103850462926452,9.033236461161449,26.103850462926452,25.67220607686023,11.83701018582466,0,118370.1018582466,50.0,25.67220607686023
3120,17.718190002746365,26.07138731291263,177181.90002746365,0.5,26.10737738539787,9.054815203733563,26.10737738539787,25.675802533955586,11.862685988358617,0,118626.85988358616,50.0,25.675802533955586
3130,17.742115078887867,26.074923858499083,177421.15078887867,0.5,26.110903741581023,9.076390470227386,26.110903741581023,25.679398411704558,11.888365386770321,0,118883.65386770321,50.0,25.679398411704558
3140,17.76603661905436,26.078459833503867,177660.36619054363,0.5,26.114429531581596,9.097962261295669,26.114429531581596,25.682993710215936,11.914048380480537,0,119140.48380480536,50.0,25.682993710215936
3150,17.789954623816328,26.081995238035418,177899.54623816328,0.5,26.11795475550529,9.119530577591009,26.11795475550529,25.686588429598494,11.939734968910134,0,119397.34968910135,50.0,25.686588429598494
3160,17.813869093744124,26.085530072202157,178138.69093744125,0.5,26.121479413457738,9.141095419765847,26.121479413457738,25.690182569960964,11.965425151480096,0,119654.25151480096,50.0,25.690182569960964
3170,17.837780029408016,26.089064336112465,178377.80029408014,0.5,26.125003505544598,9.162656788472473,26.125003505544598,25.693776131412072,11.991118927611508,0,119911.18927611508,50.0,25.693776131412072
3180,17.861687431378137,26.092598029874704,178616.8743137814,0.5,26.12852703187144,9.184214684363022,26.12852703187144,25.697369114060496,12.016816296725569,0,120168.16296725569,50.0,25.697369114060496
3190,17.88559130022454,26.0961311535972,178855.91300224542,0.5,26.132049992543866,9.205769108089468,26.132049992543866,25.700961518014903,12.042517258243585,0,120425.17258243584,50.0,25.700961518014903
3200,17.909491636517153,26.09966370738827,179094.91636517155,0.5,26.13557238766744,9.227320060303645,26.13557238766744,25.70455334338393,12.068221811586968,0,120682.21811586968,50.0,25.70455334338393
3210,17.933388440825798,26.103195691356184,179333.884408258,0.5,26.139094217347672,9.24886754165722,26.139094217347672,25.70814459027619,12.093929956177243,0,120939.29956177244,50.0,25.70814459027619
3220,17.95728171372019,26.1067271056092,179572.8171372019,0.5,26.142615481690083,9.27041155280171,26.142615481690083,25.711735258800275,12.119641691436044,0,121196.41691436044,50.0,25.711735258800275
3230,17.981171455769932,26.110257950255534,179811.71455769934,0.5,26.14613618080014,9.29195209438848,26.14613618080014,25.715325349064734,12.145357016785107,0,121453.57016785108,50.0,25.715325349064734
3240,18.00505766754453,26.113788225403383,180050.5766754453,0.5,26.149656314783314,9.313489167068738,26.149656314783314,25.71891486117811,12.171075931646286,0,121710.75931646286,50.0,25.71891486117811
3250,18.028940349613368,26.11731793116093,180289.4034961337,0.5,26.15317588374503,9.335022771493545,26.15317588374503,25.722503795248908,12.196798435441536,0,121967.98435441536,50.0,25.722503795248908
3260,18.05281950254573,26.120847067636298,180528.19502545733,0.5,26.15669488779069,9.356552908313798,26.15669488779069,25.726092151385615,12.22252452759292,0,122225.2452759292,50.0,25.726092151385615
3270,18.076695126910796,26.124375634937614,180766.95126910796,0.5,26.160213327025687,9.378079578180248,26.160213327025687,25.72967992969669,12.248254207522617,0,122482.54207522617,50.0,25.72967992969669
3280,18.100567223277622,26.12790363317297,181005.67223277624,0.5,26.16373120155537,9.399602781743488,26.16373120155537,25.733267130290567,12.273987474652907,0,122739.87474652908,50.0,25.733267130290567
3290,18.124435792215174,26.131431062450424,181244.35792215174,0.5,26.167248511485077,9.421122519653961,26.167248511485077,25.736853753275643,12.299724328406183,0,122997.24328406184,50.0,25.736853753275643
3300,18.148300834292296,26.13495792287801,181483.00834292296,0.5,26.170765256920106,9.442638792561949,26.170765256920106,25.74043979876031,12.325464768204943,0,123254.64768204944,50.0,25.74043979876031
3310,18.172162350077734,26.13848421456374,181721.62350077732,0.5,26.17428143796576,9.464151601117592,26.17428143796576,25.74402526685292,12.351208793471796,0,123512.08793471797,50.0,25.74402526685292
3320,18.196020340140116,26.142009937615583,181960.20340140117,0.5,26.177797054727268,9.485660945970865,26.177797054727268,25.747610157661796,12.376956403629459,0,123769.56403629459,50.0,25.747610157661796
3330,18.21987480504798,26.145535092141504,182198.74805047977,0.5,26.1813121073099,9.507166827771599,26.1813121073099,25.751194471295253,12.402707598100754,0,124027.07598100754,50.0,25.751194471295253
3340,18.243725745369726,26.149059678249433,182437.25745369727,0.5,26.18482659581883,9.52866924716946,26.18482659581883,25.754778207861566,12.428462376308616,0,124284.62376308616,50.0,25.754778207861566
3350,18.26757316167368,26.15258369604726,182675.7316167368,0.5,26.188340520359272,9.550168204813975,26.188340520359272,25.758361367468986,12.454220737676085,0,124542.20737676085,50.0,25.758361367468986
3360,18.291417054528036,26.156107145642864,182914.17054528036,0.5,26.191853881036362,9.571663701354506,26.191853881036362,25.761943950225742,12.47998268162631,0,124799.82681626311,50.0,25.761943950225742
3370,18.315257424500892,26.15963002714409,183152.57424500893,0.5,26.195366677955253,9.593155737440267,26.195366677955253,25.765525956240033,12.50574820758255,0,125057.48207582551,50.0,25.765525956240033
3380,18.33909427216023,26.16315234065876,183390.94272160233,0.5,26.198878911221048,9.614644313720317,26.198878911221048,25.76910738562004,12.531517314968172,0,125315.17314968171,50.0,25.76910738562004
3390,18.362927598073938,26.166674086294663,183629.2759807394,0.5,26.202390580938836,9.636129430843564,26.202390580938836,25.77268823847391,12.557290003206646,0,125572.90003206645,50.0,25.77268823847391
3400,18.386757402809778,26.170195264159567,183867.5740280978,0.5,26.205901687213675,9.65761108945876,26.205901687213675,25.776268514909777,12.583066271721554,0,125830.66271721554,50.0,25.776268514909777
3410,18.410583686935418,26.173715874361207,184105.83686935419,0.5,26.209412230150605,9.679089290214502,26.209412230150605,25.779848215035734,12.60884611993659,0,126088.4611993659,50.0,25.779848215035734
3420,18.43440645101841,26.17723591700731,184344.0645101841,0.5,26.212922209854643,9.700564033759242,26.212922209854643,25.783427338959857,12.63462954727555,0,126346.2954727555,50.0,25.783427338959857
3430,18.458225695626204,26.180755392205544,184582.25695626205,0.5,26.21643162643076,9.72203532074127,26.21643162643076,25.787005886790197,12.66041655316234,0,126604.16553162341,50.0,25.787005886790197
3440,18.482041421326144,26.18427430006357,184820.41421326142,0.5,26.21994047998395,9.74350315180873,26.21994047998395,25.790583858634772,12.686207137020975,0,126862.07137020976,50.0,25.790583858634772
3450,18.505853628685454,26.187792640689036,185058.53628685453,0.5,26.223448770619118,9.764967527609606,26.223448770619118,25.794161254601587,12.712001298275577,0,127120.01298275577,50.0,25.794161254601587
3460,18.529662318271264,26.191310414189523,185296.62318271265,0.5,26.226956498441197,9.786428448791735,26.226956498441197,25.79773807479861,12.737799036350374,0,127377.99036350375,50.0,25.79773807479861
3470,18.55346749065059,26.194827620672623,185534.6749065059,0.5,26.23046366355507,9.8078859160028,26.23046366355507,25.801314319333787,12.763600350669709,0,127636.00350669709,50.0,25.801314319333787
3480,18.577269146390346,26.198344260245886,185772.69146390347,0.5,26.23397026606561,9.829339929890327,26.23397026606561,25.80488998831504,12.789405240658025,0,127894.05240658025,50.0,25.80488998831504
3490,18.60106728605733,26.201860333016842,186010.6728605733,0.5,26.237476306077657,9.850790491101696,26.237476306077657,25.808465081850265,12.815213705739875,0,128152.13705739875,50.0,25.808465081850265
3500,18.62486191021824,26.20537583909298,186248.6191021824,0.5,26.24098178369602,9.87223760028413,26.24098178369602,25.81203960004734,12.841025745339923,0,128410.25745339923,50.0,25.81203960004734
3510,18.648653019439656,26.20889077858178,186486.53019439656,0.5,26.24448669902549,9.893681258084701,26.24448669902549,25.8156135430141,12.866841358882937,0,128668.41358882937,50.0,25.8156135430141
3520,18.672440614288064,26.21240515159067,186724.40614288065,0.5,26.247991052170832,9.915121465150323,26.247991052170832,25.81918691085837,12.892660545793795,0,128926.60545793796,50.0,25.81918691085837
3530,18.69622469532984,26.21591895822708,186962.24695329837,0.5,26.251494843236802,9.936558222127767,26.251494843236802,25.822759703687943,12.918483305497483,0,129184.83305497484,50.0,25.822759703687943
3540,18.720005263131235,26.219432198598405,187200.05263131237,0.5,26.2549980723281,9.95799152966364,26.2549980723281,25.82633192161059,12.944309637419094,0,129443.09637419094,50.0,25.82633192161059
3550,18.743782318258425,26.222944872811993,187437.82318258425,0.5,26.258500739549444,9.979421388404411,26.258500739549444,25.82990356473405,12.970139540983828,0,129701.39540983828,50.0,25.82990356473405
3560,18.76755586127745,26.226456980975204,187675.5586127745,0.5,26.262002845005487,10.000847798996384,26.262002845005487,25.833474633166045,12.995973015616995,0,129959.73015616994,50.0,25.833474633166045
3570,18.791325892754255,26.229968523195335,187913.25892754254,0.5,26.26550438880087,10.022270762085714,26.26550438880087,25.837045127014267,13.021810060744007,0,130218.10060744008,50.0,25.837045127014267
3580,18.815092413254675,26.233479499579676,188150.92413254676,0.5,26.269005371040222,10.043690278318406,26.269005371040222,25.840615046386382,13.047650675790395,0,130476.50675790395,50.0,25.840615046386382
3590,18.83885542334444,26.23698991023548,188388.55423344442,0.5,26.27250579182814,10.065106348340311,26.27250579182814,25.844184391390034,13.073494860181784,0,130734.94860181784,50.0,25.844184391390034
