时间(s),上游水库水位(m),渠道1水位(m),闸门1开度,渠道3水位(m),下游水库水位(m),闸门1流量(m³/s)
0.0,62.82,61.9,0.5,61.443,61.443,0
0.0,62.82,61.9,0.5,61.443,61.915394504349855,22.721345002506727
900.0,62.82,61.9,0.5,61.443,62.38778900869971,22.721345002506727
1800.0,62.82,61.9,0.5,61.443,62.86018351304957,22.721345002506727
2700.0,62.82,61.9,0.5,61.443,63.33257801739942,22.721345002506727
3600.0,62.82,61.9,0.5,61.443,63.80497252174928,22.721345002506727
4500.0,62.82,61.9,0.5,61.443,64.27736702609914,22.721345002506727
5400.0,62.82,61.9,0.5,61.443,64.74976153044899,22.721345002506727
6300.0,62.82,61.9,0.5,61.443,65.15614003008072,22.721345002506727
