time,setpoint,water_level,commanded_inflow,actual_inflow,outflow_disturbance
1.0,10.0,5.0,0.0,0,0.5
2.0,10.0,5.0,0.0,0.1066,0.5
3.0,10.0,5.0,0.0,0,0.5
4.0,10.0,5.0,0.0,0.0824,0.5
5.0,10.0,5.0,0.0,0.0663,0.5
6.0,10.0,5.0,0.0,0.1117,0.5
7.0,10.0,5.0,0.0,0,0.5
8.0,10.0,5.0,0.0,0.1629,0.5
9.0,10.0,5.0,0.0,0,0.5
10.0,10.0,5.0,0.0,0.0684,0.5
11.0,10.0,5.0,0.0,0.0486,0.5
12.0,10.0,5.0,0.0,0,0.5
13.0,10.0,5.0,0.0,0.027,0.5
14.0,10.0,5.0,0.0,0,0.5
15.0,10.0,5.0,0.0,0,0.5
16.0,10.0,5.0,0.0,0.2058,0.5
17.0,10.0,5.0,0.0,0.0009,0.5
18.0,10.0,5.0,0.0,0.0547,0.5
19.0,10.0,5.0,0.0,0,0.5
20.0,10.0,5.0,0.0,0,0.5
21.0,10.0,5.0,0.0,0,0.5
22.0,10.0,5.0,0.0,0,0.5
23.0,10.0,5.0,0.0,0.0552,0.5
24.0,10.0,5.0,0.0,0,0.5
25.0,10.0,5.0,0.0,0.0372,0.5
26.0,10.0,5.0,0.0,0.1598,0.5
27.0,10.0,5.0,0.0,0,0.5
28.0,10.0,5.0,0.0,0.1019,0.5
29.0,10.0,5.0,0.0,0,0.5
30.0,10.0,5.0,0.0,0,0.5
31.0,10.0,5.0,0.0,0.0256,0.5
32.0,10.0,5.0,0.0,0,0.5
33.0,10.0,5.0,0.0,0,0.5
34.0,10.0,5.0,0.0,0,0.5
35.0,10.0,5.0,0.0,0,0.5
36.0,10.0,5.0,0.0,0.0564,0.5
37.0,10.0,5.0,0.0,0,0.5
38.0,10.0,5.0,0.0,0,0.5
39.0,10.0,5.0,0.0,0.0334,0.5
40.0,10.0,5.0,0.0,0,0.5
41.0,10.0,5.0,0.0,0.0043,0.5
42.0,10.0,5.0,0.0,0.0165,0.5
43.0,10.0,5.0,0.0,0.2182,0.5
44.0,10.0,5.0,0.0,0,0.5
45.0,10.0,5.0,0.0,0.1201,0.5
46.0,10.0,5.0,0.0,0.0908,0.5
47.0,10.0,5.0,0.0,0,0.5
48.0,10.0,5.0,0.0,0.1778,0.5
49.0,10.0,5.0,0.0,0,0.5
50.0,10.0,5.0,0.0,0.0804,0.5
51.0,10.0,5.0,0.0,0.1106,1.5
52.0,10.0,5.0,0.0,0.0223,1.5
53.0,10.0,5.0,0.0,0.0566,1.5
54.0,10.0,5.0,0.0,0.0137,1.5
55.0,10.0,5.0,0.0,0,1.5
56.0,10.0,5.0,0.0,0,1.5
57.0,10.0,5.0,0.0,0,1.5
58.0,10.0,5.0,0.0,0.0104,1.5
59.0,10.0,5.0,0.0,0,1.5
60.0,10.0,5.0,0.0,0,1.5
61.0,10.0,5.0,0.0,0,1.5
62.0,10.0,5.0,0.0,0,1.5
63.0,10.0,5.0,0.0,0,1.5
64.0,10.0,5.0,0.0,0.1023,1.5
65.0,10.0,5.0,0.0,0.0487,1.5
66.0,10.0,5.0,0.0,0,1.5
67.0,10.0,5.0,0.0,0,1.5
68.0,10.0,5.0,0.0,0,1.5
69.0,10.0,5.0,0.0,0,1.5
70.0,10.0,5.0,0.0,0.0285,1.5
71.0,10.0,5.0,0.0,0,1.5
72.0,10.0,5.0,0.0,0,1.5
73.0,10.0,5.0,0.0,0.059,1.5
74.0,10.0,5.0,0.0,0.0547,1.5
75.0,10.0,5.0,0.0,0.1127,1.5
76.0,10.0,5.0,0.0,0,1.5
77.0,10.0,5.0,0.0,0.0118,1.5
78.0,10.0,5.0,0.0,0,1.5
79.0,10.0,5.0,0.0,0.0096,1.5
80.0,10.0,5.0,0.0,0.0836,1.5
81.0,10.0,5.0,0.0,0,1.5
82.0,10.0,5.0,0.0,0,1.5
83.0,10.0,5.0,0.0,0,1.5
84.0,10.0,5.0,0.0,0,1.5
85.0,10.0,5.0,0.0,0,1.5
86.0,10.0,5.0,0.0,0,1.5
87.0,10.0,5.0,0.0,0.0333,1.5
88.0,10.0,5.0,0.0,0,1.5
89.0,10.0,5.0,0.0,0.0655,1.5
90.0,10.0,5.0,0.0,0.0052,1.5
91.0,10.0,5.0,0.0,0,1.5
92.0,10.0,5.0,0.0,0,1.5
93.0,10.0,5.0,0.0,0.1145,1.5
94.0,10.0,5.0,0.0,0.0231,1.5
95.0,10.0,5.0,0.0,0,1.5
96.0,10.0,5.0,0.0,0.1343,1.5
97.0,10.0,5.0,0.0,0,1.5
98.0,10.0,5.0,0.0,0.1073,1.5
99.0,10.0,5.0,0.0,0.2464,1.5
100.0,10.0,5.0,0.0,0.1092,1.5
101.0,10.0,5.0,0.0,0,1.5
102.0,10.0,5.0,0.0,0.1892,1.5
103.0,10.0,5.0,0.0,0.0272,1.5
104.0,10.0,5.0,0.0,0.1074,1.5
105.0,10.0,5.0,0.0,0,1.5
106.0,10.0,5.0,0.0,0.0084,1.5
107.0,10.0,5.0,0.0,0,1.5
108.0,10.0,5.0,0.0,0,1.5
109.0,10.0,5.0,0.0,0,1.5
110.0,10.0,5.0,0.0,0.0706,1.5
111.0,10.0,5.0,0.0,0,1.5
112.0,10.0,5.0,0.0,0.0619,1.5
113.0,10.0,5.0,0.0,0,1.5
114.0,10.0,5.0,0.0,0.1377,1.5
115.0,10.0,5.0,0.0,0.0417,1.5
116.0,10.0,5.0,0.0,0.0628,1.5
117.0,10.0,5.0,0.0,0.1176,1.5
118.0,10.0,5.0,0.0,0,1.5
119.0,10.0,5.0,0.0,0,1.5
120.0,10.0,5.0,0.0,0.1732,1.5
121.0,10.0,5.0,0.0,0.1289,1.5
122.0,10.0,5.0,0.0,0.0681,1.5
123.0,10.0,5.0,0.0,0.2473,1.5
124.0,10.0,5.0,0.0,0.0052,1.5
125.0,10.0,5.0,0.0,0.1118,1.5
126.0,10.0,5.0,0.0,0,1.5
127.0,10.0,5.0,0.0,0,1.5
128.0,10.0,5.0,0.0,0.0217,1.5
129.0,10.0,5.0,0.0,0,1.5
130.0,10.0,5.0,0.0,0,1.5
131.0,10.0,5.0,0.0,0.0926,0.8
132.0,10.0,5.0,0.0,0.0031,0.8
133.0,10.0,5.0,0.0,0,0.8
134.0,10.0,5.0,0.0,0.1001,0.8
135.0,10.0,5.0,0.0,0.1122,0.8
136.0,10.0,5.0,0.0,0,0.8
137.0,10.0,5.0,0.0,0.0091,0.8
138.0,10.0,5.0,0.0,0,0.8
139.0,10.0,5.0,0.0,0.0503,0.8
140.0,10.0,5.0,0.0,0,0.8
141.0,10.0,5.0,0.0,0.0052,0.8
142.0,10.0,5.0,0.0,0.0845,0.8
143.0,10.0,5.0,0.0,0,0.8
144.0,10.0,5.0,0.0,0,0.8
145.0,10.0,5.0,0.0,0.0052,0.8
146.0,10.0,5.0,0.0,0,0.8
147.0,10.0,5.0,0.0,0.0771,0.8
148.0,10.0,5.0,0.0,0,0.8
149.0,10.0,5.0,0.0,0,0.8
150.0,10.0,5.0,0.0,0.0786,0.8
151.0,10.0,5.0,0.0,0.1559,0.8
152.0,10.0,5.0,0.0,0,0.8
153.0,10.0,5.0,0.0,0.1929,0.8
154.0,10.0,5.0,0.0,0.0246,0.8
155.0,10.0,5.0,0.0,0.0627,0.8
156.0,10.0,5.0,0.0,0,0.8
157.0,10.0,5.0,0.0,0,0.8
158.0,10.0,5.0,0.0,0.0753,0.8
159.0,10.0,5.0,0.0,0.0123,0.8
160.0,10.0,5.0,0.0,0.1418,0.8
161.0,10.0,5.0,0.0,0,0.8
162.0,10.0,5.0,0.0,0,0.8
163.0,10.0,5.0,0.0,0,0.8
164.0,10.0,5.0,0.0,0.022,0.8
165.0,10.0,5.0,0.0,0,0.8
166.0,10.0,5.0,0.0,0.0467,0.8
167.0,10.0,5.0,0.0,0.0013,0.8
168.0,10.0,5.0,0.0,0,0.8
169.0,10.0,5.0,0.0,0,0.8
170.0,10.0,5.0,0.0,0.164,0.8
171.0,10.0,5.0,0.0,0.1344,0.8
172.0,10.0,5.0,0.0,0,0.8
173.0,10.0,5.0,0.0,0,0.8
174.0,10.0,5.0,0.0,0,0.8
175.0,10.0,5.0,0.0,0,0.8
176.0,10.0,5.0,0.0,0.1682,0.8
177.0,10.0,5.0,0.0,0,0.8
178.0,10.0,5.0,0.0,0.1677,0.8
179.0,10.0,5.0,0.0,0.1566,0.8
180.0,10.0,5.0,0.0,0,0.8
181.0,10.0,5.0,0.0,0.1294,0.8
182.0,10.0,5.0,0.0,0.0927,0.8
183.0,10.0,5.0,0.0,0.0248,0.8
184.0,10.0,5.0,0.0,0,0.8
185.0,10.0,5.0,0.0,0.0172,0.8
186.0,10.0,5.0,0.0,0.1125,0.8
187.0,10.0,5.0,0.0,0.1192,0.8
188.0,10.0,5.0,0.0,0,0.8
189.0,10.0,5.0,0.0,0,0.8
190.0,10.0,5.0,0.0,0,0.8
191.0,10.0,5.0,0.0,0.1341,0.8
192.0,10.0,5.0,0.0,0.0626,0.8
193.0,10.0,5.0,0.0,0.0985,0.8
194.0,10.0,5.0,0.0,0,0.8
195.0,10.0,5.0,0.0,0.0248,0.8
196.0,10.0,5.0,0.0,0,0.8
197.0,10.0,5.0,0.0,0,0.8
198.0,10.0,5.0,0.0,0,0.8
199.0,10.0,5.0,0.0,0,0.8
200.0,10.0,5.0,0.0,0.0619,0.8
201.0,10.0,5.0,0.0,0.0602,2.0
202.0,10.0,5.0,0.0,0,2.0
203.0,10.0,5.0,0.0,0.052,2.0
204.0,10.0,5.0,0.0,0.0844,2.0
205.0,10.0,5.0,0.0,0,2.0
206.0,10.0,5.0,0.0,0,2.0
207.0,10.0,5.0,0.0,0.0439,2.0
208.0,10.0,5.0,0.0,0,2.0
209.0,10.0,5.0,0.0,0.0216,2.0
210.0,10.0,5.0,0.0,0,2.0
211.0,10.0,5.0,0.0,0.0077,2.0
212.0,10.0,5.0,0.0,0.2039,2.0
213.0,10.0,5.0,0.0,0,2.0
214.0,10.0,5.0,0.0,0,2.0
215.0,10.0,5.0,0.0,0.0528,2.0
216.0,10.0,5.0,0.0,0,2.0
217.0,10.0,5.0,0.0,0,2.0
218.0,10.0,5.0,0.0,0,2.0
219.0,10.0,5.0,0.0,0,2.0
220.0,10.0,5.0,0.0,0,2.0
221.0,10.0,5.0,0.0,0,2.0
222.0,10.0,5.0,0.0,0,2.0
223.0,10.0,5.0,0.0,0,2.0
224.0,10.0,5.0,0.0,0.0388,2.0
225.0,10.0,5.0,0.0,0.0891,2.0
226.0,10.0,5.0,0.0,0.1458,2.0
227.0,10.0,5.0,0.0,0,2.0
228.0,10.0,5.0,0.0,0.0732,2.0
229.0,10.0,5.0,0.0,0.1726,2.0
230.0,10.0,5.0,0.0,0,2.0
231.0,10.0,5.0,0.0,0,2.0
232.0,10.0,5.0,0.0,0.1252,2.0
233.0,10.0,5.0,0.0,0,2.0
234.0,10.0,5.0,0.0,0.1345,2.0
235.0,10.0,5.0,0.0,0,2.0
236.0,10.0,5.0,0.0,0,2.0
237.0,10.0,5.0,0.0,0,2.0
238.0,10.0,5.0,0.0,0.0452,2.0
239.0,10.0,5.0,0.0,0.0355,2.0
240.0,10.0,5.0,0.0,0,2.0
241.0,10.0,5.0,0.0,0.0027,2.0
242.0,10.0,5.0,0.0,0.0436,2.0
243.0,10.0,5.0,0.0,0.0946,2.0
244.0,10.0,5.0,0.0,0.0475,2.0
245.0,10.0,5.0,0.0,0,2.0
246.0,10.0,5.0,0.0,0.1881,2.0
247.0,10.0,5.0,0.0,0.0512,2.0
248.0,10.0,5.0,0.0,0,2.0
249.0,10.0,5.0,0.0,0,2.0
250.0,10.0,5.0,0.0,0,2.0
251.0,10.0,5.0,0.0,0.0229,2.0
252.0,10.0,5.0,0.0,0,2.0
253.0,10.0,5.0,0.0,0.0248,2.0
254.0,10.0,5.0,0.0,0,2.0
255.0,10.0,5.0,0.0,0.0799,2.0
256.0,10.0,5.0,0.0,0,2.0
257.0,10.0,5.0,0.0,0,2.0
258.0,10.0,5.0,0.0,0.0366,2.0
259.0,10.0,5.0,0.0,0,2.0
260.0,10.0,5.0,0.0,0,2.0
261.0,10.0,5.0,0.0,0.1309,2.0
262.0,10.0,5.0,0.0,0.0255,2.0
263.0,10.0,5.0,0.0,0.0135,2.0
264.0,10.0,5.0,0.0,0.1269,2.0
265.0,10.0,5.0,0.0,0.1725,2.0
266.0,10.0,5.0,0.0,0.1795,2.0
267.0,10.0,5.0,0.0,0,2.0
268.0,10.0,5.0,0.0,0,2.0
269.0,10.0,5.0,0.0,0,2.0
270.0,10.0,5.0,0.0,0.0099,2.0
271.0,10.0,5.0,0.0,0,2.0
272.0,10.0,5.0,0.0,0.0664,2.0
273.0,10.0,5.0,0.0,0,2.0
274.0,10.0,5.0,0.0,0.058,2.0
275.0,10.0,5.0,0.0,0,2.0
276.0,10.0,5.0,0.0,0.0026,2.0
277.0,10.0,5.0,0.0,0.2346,2.0
278.0,10.0,5.0,0.0,0.1066,2.0
279.0,10.0,5.0,0.0,0,2.0
280.0,10.0,5.0,0.0,0.0212,2.0
281.0,10.0,5.0,0.0,0.1679,2.0
282.0,10.0,5.0,0.0,0.0263,2.0
283.0,10.0,5.0,0.0,0,2.0
284.0,10.0,5.0,0.0,0.0849,2.0
285.0,10.0,5.0,0.0,0,2.0
286.0,10.0,5.0,0.0,0.0695,2.0
287.0,10.0,5.0,0.0,0,2.0
288.0,10.0,5.0,0.0,0,2.0
289.0,10.0,5.0,0.0,0.0166,2.0
290.0,10.0,5.0,0.0,0,2.0
291.0,10.0,5.0,0.0,0,2.0
292.0,10.0,5.0,0.0,0,2.0
293.0,10.0,5.0,0.0,0.0948,2.0
294.0,10.0,5.0,0.0,0,2.0
295.0,10.0,5.0,0.0,0.1581,2.0
296.0,10.0,5.0,0.0,0.1985,2.0
297.0,10.0,5.0,0.0,0.019,2.0
298.0,10.0,5.0,0.0,0.068,2.0
299.0,10.0,5.0,0.0,0,2.0
300.0,10.0,5.0,0.0,0,2.0
